CustomerID,FullName,Email,PhoneNumber,Address,TotalConfirmedOrders
1,Maxie,mfinlaison0@vistaprint.com,(488) 2884089,Suite 60,1
2,Gage,gbalentyne1@google.cn,(678) 8296131,PO Box 55036,2
3,Maryann,mmcinerney2@google.de,(761) 3198271,Room 1472,3
4,Darnall,dbrabbins3@hostgator.com,(127) 2800137,Suite 20,4
5,Dyanne,dgentric4@twitpic.com,(183) 9567441,Room 1042,5
6,Burl,blunn5@aboutads.info,(786) 2630847,Suite 29,6
7,Pet,pwillcox6@jugem.jp,(185) 5236272,Suite 1,7
8,Thalia,tbainton7@weebly.com,(338) 2328469,PO Box 74548,8
9,Sherline,sbuff8@ehow.com,(995) 4562476,Room 1873,9
10,Elias,elefley9@geocities.com,(996) 9412334,16th Floor,10
11,Lizette,lclinnicka@ning.com,(652) 2929030,1st Floor,11
12,Evelin,elehrerb@si.edu,(656) 9601420,PO Box 36261,12
13,Amber,aackeryc@mozilla.org,(897) 2237864,Suite 20,13
14,Hubie,hdedmamd@huffingtonpost.com,(488) 4257133,Suite 77,14
15,Becki,bskellione@wunderground.com,(335) 8682050,Room 357,15
16,Thorndike,taujeanf@g.co,(321) 9367996,5th Floor,16
17,Benji,bfinckeg@geocities.jp,(886) 3524505,Room 1575,17
18,Gillian,gmellodeyh@nasa.gov,(439) 4925286,Suite 26,18
19,Powell,pwimmsi@mapquest.com,(607) 2562364,PO Box 36888,19
20,Kaycee,kdjekicj@goo.ne.jp,(838) 8354316,7th Floor,20
21,Dwayne,dseathwrightk@goo.gl,(962) 3541415,Room 1885,21
22,Sherwood,sguntherl@google.cn,(167) 6555629,Room 1339,22
23,Katherine,kdrinkhallm@google.co.jp,(515) 1429836,Suite 58,23
24,Aggie,aeratn@yahoo.com,(468) 3745081,PO Box 67260,24
25,Orsa,onaismitho@geocities.jp,(951) 6746842,Room 426,25
26,Skippie,smunghamp@google.ru,(750) 3789409,Apt 578,26
27,Marla,mrumboldq@businesswire.com,(744) 1898861,PO Box 19444,27
28,Justinn,jdalglieshr@webmd.com,(141) 2524099,Suite 43,28
29,Lucilia,ltessingtons@geocities.jp,(881) 4962240,Suite 12,29
30,Opal,omizzent@sbwire.com,(663) 1325109,16th Floor,30
31,Shelba,sprosseru@hubpages.com,(245) 5912302,Apt 1437,31
32,Matthus,mbaversorv@pbs.org,(779) 6741855,Suite 26,32
33,Perceval,pkitchenw@sogou.com,(292) 4815120,Apt 1428,33
34,Garrik,gkinderx@sciencedaily.com,(832) 9522361,PO Box 58045,34
35,Lyman,lcrocrofty@histats.com,(313) 6955548,14th Floor,35
36,Harri,hpelzerz@noaa.gov,(345) 6363525,PO Box 50496,36
37,Rosalyn,rgreschke10@icio.us,(440) 4856845,20th Floor,37
38,Mag,mdunnet11@netscape.com,(715) 8266987,PO Box 46670,38
39,Micky,mbrandsma12@bandcamp.com,(114) 2304177,Room 714,39
40,Alfonse,ahalgarth13@vk.com,(146) 2921648,12th Floor,40
41,Austin,anicklen14@icq.com,(326) 7646063,PO Box 69403,41
42,Willabella,wmcquaker15@wikipedia.org,(534) 7248059,PO Box 82552,42
43,Nicolea,nende16@opera.com,(883) 1813165,PO Box 62478,43
44,Bowie,bfenty17@qq.com,(162) 9302974,PO Box 2710,44
45,Bill,brevening18@diigo.com,(587) 2564721,4th Floor,45
46,Graig,ggwilliam19@engadget.com,(917) 9676831,8th Floor,46
47,Towny,tboyn1a@state.tx.us,(377) 6766379,18th Floor,47
48,Royce,rmaleck1b@gnu.org,(757) 4914193,PO Box 40562,48
49,Gawen,gbirkbeck1c@vistaprint.com,(419) 3056269,Suite 82,49
50,Clay,clarmor1d@un.org,(885) 2407342,8th Floor,50
51,Merrily,mpoon1e@qq.com,(220) 6607034,PO Box 25477,51
52,Phylys,pmcginley1f@ustream.tv,(494) 8869627,Apt 429,52
53,August,ahillen1g@soundcloud.com,(388) 4464522,19th Floor,53
54,Goober,gmucklow1h@zdnet.com,(606) 2536999,Suite 81,54
55,Patty,pdibdin1i@uiuc.edu,(378) 3899786,Apt 625,55
56,Rod,rforker1j@ft.com,(834) 7712420,Apt 818,56
57,Donny,dlowy1k@51.la,(902) 5597980,18th Floor,57
58,Johnnie,jdiben1l@addtoany.com,(447) 3353738,Suite 91,58
59,Linnie,lbrouard1m@dedecms.com,(382) 9404855,17th Floor,59
60,Gregorio,gswannack1n@mail.ru,(845) 5569310,Suite 4,60
61,Evered,ebetser1o@slideshare.net,(992) 5611671,8th Floor,61
62,Jerad,jgrogor1p@studiopress.com,(420) 5781964,Apt 204,62
63,Scarface,soakton1q@live.com,(821) 5694591,Room 1687,63
64,Rosemonde,rmaddin1r@ustream.tv,(127) 7684178,Room 1601,64
65,Marwin,mstickland1s@fc2.com,(130) 4910727,18th Floor,65
66,Carolina,cfer1t@flavors.me,(481) 2498576,18th Floor,66
67,Querida,qcheevers1u@state.gov,(973) 4368401,Apt 1313,67
68,Kellen,kmcgennis1v@dyndns.org,(388) 3415315,PO Box 6082,68
69,Meridith,mvile1w@youku.com,(299) 8826591,Room 413,69
70,Carrissa,cdyton1x@va.gov,(117) 3324905,Apt 1177,70
71,Wynny,wsculpher1y@nyu.edu,(827) 1601812,19th Floor,71
72,Jeniece,jpont1z@opera.com,(443) 8680096,Room 1878,72
73,Hunt,htompkins20@ted.com,(685) 2102524,11th Floor,73
74,Ericha,edossit21@jalbum.net,(776) 3348477,Room 1829,74
75,Trey,taldwich22@blogtalkradio.com,(941) 1413934,PO Box 23122,75
76,Joaquin,jborzone23@paginegialle.it,(550) 9514593,PO Box 39020,76
77,Donalt,dkubin24@123-reg.co.uk,(685) 6558518,Suite 29,77
78,Veronika,vfruish25@ezinearticles.com,(696) 7374692,Room 1051,78
79,Allyn,adable26@netscape.com,(467) 6233360,20th Floor,79
80,Rocky,rcoite27@businessinsider.com,(483) 2117262,Apt 955,80
81,Clarey,cdilks28@umn.edu,(201) 7975570,PO Box 3402,81
82,Merissa,mianinotti29@dagondesign.com,(813) 4041106,Suite 5,82
83,Pedro,psloss2a@jalbum.net,(947) 5706567,13th Floor,83
84,Aubry,ajerger2b@apple.com,(461) 5270690,Apt 11,84
85,Erie,egavini2c@bandcamp.com,(414) 3245425,12th Floor,85
86,Vonnie,vcamilio2d@sbwire.com,(739) 1229412,Suite 2,86
87,Engelbert,eobrian2e@behance.net,(468) 8308173,PO Box 29618,87
88,Barret,bdrysdall2f@wisc.edu,(880) 2225573,14th Floor,88
89,Kassandra,kspivey2g@bigcartel.com,(194) 7440924,Apt 1679,89
90,Blondy,btullis2h@about.me,(385) 3605195,5th Floor,90
91,Jordan,jkitchenman2i@tinyurl.com,(779) 7400529,14th Floor,91
92,Carolus,ctozer2j@prnewswire.com,(986) 4561355,Suite 46,92
93,Liliane,lscarlon2k@issuu.com,(833) 5306867,Apt 82,93
94,Nessi,nmarney2l@independent.co.uk,(763) 3282185,3rd Floor,94
95,Casi,clanfare2m@imgur.com,(221) 6308083,Apt 1747,95
96,Rafael,rheaps2n@constantcontact.com,(223) 6296286,1st Floor,96
97,Riley,rvido2o@linkedin.com,(131) 9373074,Suite 1,97
98,Conny,ctrazzi2p@loc.gov,(747) 3811199,15th Floor,98
99,Charlie,ccason2q@istockphoto.com,(693) 2988237,PO Box 67654,99
100,Jud,jdecarolis2r@bandcamp.com,(594) 7600520,Suite 46,100
101,Silvester,sdanaher2s@photobucket.com,(458) 2178934,Suite 17,101
102,Katalin,kyoude2t@toplist.cz,(274) 8593236,Room 1396,102
103,Keven,kcotman2u@google.cn,(137) 5889140,PO Box 11442,103
104,Kessia,kwyrall2v@goo.ne.jp,(177) 1714980,Apt 1197,104
105,Cecilla,cboskell2w@booking.com,(457) 3488582,Apt 1472,105
106,Aguistin,atynewell2x@engadget.com,(373) 7626122,3rd Floor,106
107,Barbaraanne,bmatteo2y@edublogs.org,(265) 7182518,PO Box 33451,107
108,Mariele,mlangmuir2z@technorati.com,(827) 7085291,Apt 1094,108
109,Wilden,wcowin30@merriam-webster.com,(846) 8900342,3rd Floor,109
110,Farr,fmaddaford31@nsw.gov.au,(511) 6739559,Apt 1070,110
111,Curtice,cgrigore32@clickbank.net,(728) 5598063,18th Floor,111
112,Lazaro,lscarce33@edublogs.org,(879) 2937965,11th Floor,112
113,Alvis,aherrieven34@sakura.ne.jp,(620) 2875847,Room 51,113
114,Hart,hgreenroad35@ehow.com,(181) 2090883,10th Floor,114
115,Corenda,cpeoples36@spiegel.de,(740) 2076819,5th Floor,115
116,Woody,webbotts37@guardian.co.uk,(670) 4684612,Room 1434,116
117,Dudley,dgrogan38@jiathis.com,(114) 1697632,PO Box 54559,117
118,Valera,vhuggill39@mapy.cz,(434) 7729503,Room 1140,118
119,Langsdon,lferrulli3a@w3.org,(492) 4564827,2nd Floor,119
120,Nessi,nperfect3b@globo.com,(749) 8199413,Room 1688,120
121,Rosette,rpozzi3c@stumbleupon.com,(227) 9906137,Apt 1082,121
122,Michaela,mgipp3d@ed.gov,(753) 5959106,PO Box 24638,122
123,Eugene,eblaze3e@apple.com,(938) 2296811,Suite 80,123
124,Dennis,dvedenyapin3f@netlog.com,(775) 1773922,Apt 1806,124
125,Briano,bsoftley3g@issuu.com,(941) 7091936,Apt 1926,125
126,Roi,rlatter3h@amazon.com,(553) 8466273,Suite 45,126
127,Deborah,dberthouloume3i@goo.gl,(247) 8621807,Suite 72,127
128,Gunther,gpolotti3j@amazon.co.uk,(549) 9226340,PO Box 34079,128
129,Babara,baslie3k@soundcloud.com,(254) 1284797,Apt 1454,129
130,Marika,mclawley3l@abc.net.au,(218) 4213571,PO Box 98074,130
131,Austin,ajennick3m@howstuffworks.com,(419) 4707920,14th Floor,131
132,Tremain,tdebell3n@so-net.ne.jp,(976) 8900046,Suite 74,132
133,Dolli,dblack3o@dropbox.com,(196) 1798510,Apt 729,133
134,Amanda,apaddeley3p@nhs.uk,(922) 5888076,Apt 1958,134
135,Bobbye,bwye3q@nifty.com,(848) 6383581,PO Box 66068,135
136,Nolly,nluna3r@360.cn,(130) 3716141,Apt 1314,136
137,Bonnee,bbalshen3s@bizjournals.com,(569) 4501398,Room 876,137
138,Dulci,dnardi3t@zdnet.com,(660) 4412708,PO Box 10877,138
139,Keven,kmackeogh3u@slate.com,(273) 2221255,Apt 915,139
140,Aryn,acorpes3v@instagram.com,(378) 5205930,Suite 29,140
141,Burch,bbatalini3w@tamu.edu,(918) 3947345,3rd Floor,141
142,Doe,dsevin3x@wix.com,(236) 6359007,8th Floor,142
143,Melantha,mbellson3y@parallels.com,(474) 4341441,Room 1215,143
144,Charmion,cfadian3z@usa.gov,(404) 9702561,Room 1995,144
145,Devina,ddidsbury40@rakuten.co.jp,(347) 2799417,Suite 42,145
146,Claudius,cdobie41@squarespace.com,(811) 2985714,Room 1916,146
147,Rocky,rkibbey42@sbwire.com,(484) 5927334,Suite 16,147
148,Galen,gpanyer43@spiegel.de,(351) 3967346,Apt 1637,148
149,Worthy,wstolli44@goodreads.com,(346) 6498196,20th Floor,149
150,Julianne,jkrystof45@shutterfly.com,(977) 1113140,PO Box 1795,150
151,Clifford,cslorach46@auda.org.au,(962) 9066470,Room 838,151
152,Gustaf,gdobbin47@godaddy.com,(958) 6980113,10th Floor,152
153,Bevon,bjenkinson48@1688.com,(636) 3906751,PO Box 94489,153
154,Weidar,wjowitt49@goo.gl,(482) 2443045,Room 808,154
155,Margret,mfarnie4a@bandcamp.com,(184) 6231013,Apt 316,155
156,Matthiew,mbrownsea4b@desdev.cn,(127) 7694737,Room 1031,156
157,Earlie,ebilton4c@360.cn,(197) 2824147,Suite 50,157
158,Gracia,gbeggs4d@github.io,(921) 3273364,17th Floor,158
159,Malinda,mmetzel4e@ow.ly,(754) 7029254,8th Floor,159
160,Hanan,hwoolstenholmes4f@ovh.net,(185) 8439514,Apt 1247,160
161,Jens,jseathwright4g@forbes.com,(278) 9212361,Suite 98,161
162,Osborn,omorican4h@google.pl,(773) 9231937,Room 1740,162
163,Sib,stredget4i@washingtonpost.com,(725) 9995051,Apt 646,163
164,Jerrome,jcopnell4j@gizmodo.com,(110) 9002945,Suite 18,164
165,Esra,eachurch4k@miitbeian.gov.cn,(869) 2662546,14th Floor,165
166,Terrijo,tbeyne4l@joomla.org,(210) 2426410,PO Box 3317,166
167,Adelaida,aenrietto4m@google.com.hk,(957) 6552272,Room 1771,167
168,Mathian,mforlonge4n@hhs.gov,(196) 4680426,PO Box 68310,168
169,Lucilia,lmosedale4o@moonfruit.com,(592) 9104302,12th Floor,169
170,Blondy,budie4p@constantcontact.com,(110) 6839394,Apt 1470,170
171,Hermina,htraice4q@vkontakte.ru,(719) 4038923,PO Box 81779,171
172,Timoteo,tnapleton4r@wisc.edu,(335) 2784955,Room 1148,172
173,Lynnea,lpressland4s@altervista.org,(725) 3334680,Suite 49,173
174,Vernen,vhartwell4t@so-net.ne.jp,(404) 4233611,PO Box 25007,174
175,Willdon,wfranck4u@edublogs.org,(282) 2424923,Apt 1115,175
176,Lenna,lpizer4v@cbc.ca,(719) 9015136,Suite 69,176
177,Malissa,mshapiro4w@nature.com,(192) 7980081,PO Box 72206,177
178,Nadya,nskoate4x@wsj.com,(607) 8345081,Apt 775,178
179,Sutherland,ssprowell4y@sfgate.com,(706) 2321315,Apt 615,179
180,Minnaminnie,mhelsby4z@time.com,(853) 5567607,17th Floor,180
181,Ariela,amcgregor50@patch.com,(540) 8811786,Room 251,181
182,Lalo,lsnasdell51@dailymail.co.uk,(748) 5251288,Apt 312,182
183,Hunfredo,hswafield52@psu.edu,(816) 5477701,Apt 901,183
184,Gena,glebreton53@comsenz.com,(508) 8999625,1st Floor,184
185,Ozzy,ohardwich54@nba.com,(335) 9530737,Suite 23,185
186,Stacee,saggus55@seesaa.net,(863) 5857098,PO Box 54416,186
187,Basia,boscanlan56@delicious.com,(220) 8348385,Apt 1353,187
188,Tessi,tdawdary57@nifty.com,(220) 3722065,Apt 1615,188
189,Scott,sberetta58@opensource.org,(844) 2730352,Room 971,189
190,Filmer,fphoenix59@goo.gl,(257) 5679409,Apt 1012,190
191,Maible,mdench5a@deviantart.com,(371) 3273189,PO Box 83262,191
192,Quentin,qharmon5b@examiner.com,(220) 6787074,Apt 1512,192
193,Lock,lbeech5c@ucla.edu,(375) 1224634,Suite 47,193
194,Wini,wmandrey5d@rakuten.co.jp,(482) 4420146,Suite 40,194
195,Brooke,bbarthropp5e@dagondesign.com,(122) 6175737,19th Floor,195
196,Reeba,rfretwell5f@hud.gov,(251) 6835484,Apt 1441,196
197,Bili,bruegg5g@cnn.com,(771) 2395718,11th Floor,197
198,Teddi,tbesnardeau5h@cisco.com,(798) 3851332,PO Box 45147,198
199,Seamus,smadeley5i@java.com,(164) 2512779,Apt 258,199
200,Doris,dcorkish5j@ask.com,(529) 2447271,PO Box 64575,200
201,Catlee,callett5k@forbes.com,(926) 9877782,PO Box 32248,201
202,Garvin,gpawlett5l@nature.com,(830) 7190374,11th Floor,202
203,Arlen,agiuroni5m@sciencedirect.com,(983) 5880696,Room 1608,203
204,Lacee,ltomaszek5n@mediafire.com,(126) 4360538,Room 756,204
205,Salli,sbassham5o@dion.ne.jp,(216) 9413259,Suite 74,205
206,Des,dkyles5p@europa.eu,(797) 4789198,3rd Floor,206
207,Hashim,hbromidge5q@xing.com,(499) 6826907,Apt 1577,207
208,Barn,bmatskevich5r@360.cn,(841) 1036204,Room 809,208
209,Normy,nheadington5s@stanford.edu,(408) 6600564,8th Floor,209
210,Gunther,giacapucci5t@ocn.ne.jp,(204) 7136006,PO Box 68549,210
211,Crysta,cbenedyktowicz5u@thetimes.co.uk,(166) 7168791,2nd Floor,211
212,Sherye,sdenness5v@buzzfeed.com,(141) 4335012,Apt 109,212
213,Jorrie,jlemoir5w@about.me,(371) 9522103,Suite 3,213
214,Dorothy,dwilcock5x@studiopress.com,(575) 8433132,12th Floor,214
215,Craig,cmacilwrick5y@psu.edu,(351) 2377514,Room 1585,215
216,Avram,ahoodlass5z@forbes.com,(635) 1682408,Apt 1203,216
217,Sylas,spursey60@liveinternet.ru,(816) 9974660,Suite 77,217
218,Reta,rgeeraert61@nydailynews.com,(455) 1587473,Suite 99,218
219,Elna,ezaple62@wufoo.com,(645) 5561407,Suite 46,219
220,Laurent,leloi63@infoseek.co.jp,(680) 2813311,PO Box 67847,220
221,Wendell,wstoite64@flavors.me,(456) 5599480,Room 845,221
222,Shawn,sivashinnikov65@wisc.edu,(548) 3432242,15th Floor,222
223,Rennie,rralls66@examiner.com,(865) 9532616,2nd Floor,223
224,Webb,wkonertz67@squidoo.com,(624) 9223574,Apt 685,224
225,Elbertine,ecahalin68@domainmarket.com,(124) 2178674,20th Floor,225
226,Birk,bkleine69@netlog.com,(393) 3019520,PO Box 80216,226
227,Holly,hsaltwell6a@last.fm,(854) 3904598,Apt 1382,227
228,Reginald,rjoseff6b@house.gov,(975) 3761062,Room 852,228
229,Maisie,mbeardwood6c@arizona.edu,(190) 2106361,Room 646,229
230,Celine,cblaxter6d@loc.gov,(688) 7880210,Suite 5,230
231,Gayleen,ghusbands6e@nps.gov,(282) 5375960,Apt 1318,231
232,Maryjo,mholligan6f@artisteer.com,(620) 3315233,Room 1231,232
233,Rina,rhush6g@wordpress.com,(128) 5811809,Room 1828,233
234,Jayson,jshillington6h@baidu.com,(892) 4599105,PO Box 71132,234
235,Jessie,jprescot6i@mit.edu,(948) 1601756,8th Floor,235
236,Caleb,cupsale6j@zimbio.com,(539) 4995966,Room 1221,236
237,Foster,fglas6k@unicef.org,(270) 2469639,Suite 70,237
238,Myron,mpashba6l@printfriendly.com,(518) 6761619,19th Floor,238
239,Berget,bburgill6m@cornell.edu,(612) 6742853,PO Box 74334,239
240,Algernon,abilson6n@a8.net,(416) 2679711,4th Floor,240
241,Jasmina,jdurran6o@gravatar.com,(480) 7837272,Suite 59,241
242,Nancie,nbrydson6p@wp.com,(281) 3279158,Room 1341,242
243,Ivory,icostell6q@tmall.com,(266) 5901854,Apt 333,243
244,Kat,kransom6r@paginegialle.it,(600) 4419208,Suite 19,244
245,Kelcey,kgraundisson6s@reverbnation.com,(521) 7091604,PO Box 61071,245
246,Marla,mdavinet6t@acquirethisname.com,(573) 4907314,Suite 18,246
247,Hetti,hhabron6u@oaic.gov.au,(930) 8452416,7th Floor,247
248,Sandy,sbeedon6v@taobao.com,(959) 3481079,PO Box 38726,248
249,Gregoire,gmoughtin6w@squarespace.com,(547) 8952162,Suite 99,249
250,Lari,lseston6x@themeforest.net,(536) 5871519,Apt 1626,250
251,Melicent,mpitford6y@home.pl,(505) 6900104,Room 1270,251
252,Kaitlynn,kcellone6z@yolasite.com,(401) 8567924,Apt 1194,252
253,Althea,afrancescotti70@pinterest.com,(997) 5665380,Room 496,253
254,Nealson,ncasley71@oracle.com,(416) 2545696,20th Floor,254
255,Daloris,dshotboulte72@qq.com,(911) 1661801,17th Floor,255
256,Mariska,mbiggar73@tripadvisor.com,(933) 8298730,Suite 86,256
257,Janine,jeyckel74@yolasite.com,(271) 7194685,Suite 32,257
258,Fanya,fmaghull75@soup.io,(935) 5026342,16th Floor,258
259,Joelly,jgoodayle76@google.com.br,(990) 8709804,Apt 1671,259
260,Ebeneser,eleblond77@naver.com,(732) 4972936,11th Floor,260
261,Duky,dnias78@jimdo.com,(721) 6147551,Room 39,261
262,Sybyl,ssellar79@zdnet.com,(475) 5834180,Room 1537,262
263,Lyman,lpickerin7a@theglobeandmail.com,(848) 5225427,1st Floor,263
264,Sherilyn,sbecerra7b@google.it,(586) 8639834,6th Floor,264
265,El,edann7c@uol.com.br,(738) 7038096,PO Box 96082,265
266,Oralie,oidney7d@meetup.com,(775) 2633569,17th Floor,266
267,Marten,mlindley7e@google.ca,(244) 3516785,Suite 97,267
268,Aili,amiddle7f@dailymail.co.uk,(199) 1363048,5th Floor,268
269,Philis,pfranzetti7g@elegantthemes.com,(534) 6762029,Suite 87,269
270,Traver,tmarran7h@nbcnews.com,(505) 2060346,Apt 941,270
271,Bartlett,bmcconnel7i@digg.com,(341) 1427371,1st Floor,271
272,Tait,thuitt7j@a8.net,(836) 2637277,Suite 87,272
273,Ebba,eklimushev7k@chronoengine.com,(107) 3791503,2nd Floor,273
274,Britteny,bhighwood7l@slashdot.org,(866) 3912783,Room 329,274
275,Idell,ielleton7m@e-recht24.de,(324) 6991070,Room 1711,275
276,Mellicent,mlottrington7n@mozilla.com,(979) 8161205,PO Box 29461,276
277,Clarie,cricardin7o@skyrock.com,(333) 5550942,Apt 1666,277
278,Moll,mbrownlea7p@bbb.org,(771) 9085311,Suite 10,278
279,Osgood,oscholey7q@wikipedia.org,(594) 6631289,PO Box 57169,279
280,Marcel,mkinglake7r@google.de,(958) 9225528,Suite 56,280
281,Elsy,eborham7s@ibm.com,(316) 9505686,11th Floor,281
282,Dave,dfilintsev7t@webmd.com,(782) 7664971,Suite 40,282
283,Glyn,ggarnham7u@sogou.com,(563) 9950082,Apt 1454,283
284,Egor,elatta7v@moonfruit.com,(190) 7531372,11th Floor,284
285,Carole,cbarcroft7w@statcounter.com,(392) 3557486,11th Floor,285
286,Verine,vlafayette7x@wordpress.com,(345) 1887163,Apt 1041,286
287,Sianna,sebertz7y@purevolume.com,(586) 5969273,Room 1498,287
288,Aubrette,ahaggath7z@imdb.com,(729) 9801897,Suite 100,288
289,Susannah,sdobeson80@ocn.ne.jp,(861) 3775447,Apt 211,289
290,Hastie,htoppes81@bbc.co.uk,(292) 2548202,Suite 70,290
291,Putnam,pborsay82@parallels.com,(427) 3839540,Apt 1527,291
292,Rodrick,rcrewes83@earthlink.net,(864) 7947480,12th Floor,292
293,Etta,eniese84@odnoklassniki.ru,(678) 5815499,6th Floor,293
294,Diena,dtewnion85@moonfruit.com,(448) 2865407,Room 1679,294
295,Veda,vfeilden86@zimbio.com,(795) 9032684,Suite 79,295
296,Rayner,rheindrich87@technorati.com,(726) 6848562,Room 1941,296
297,Niven,nledstone88@wordpress.org,(746) 8269284,Suite 75,297
298,Blaire,bsabater89@google.pl,(113) 6469159,Suite 13,298
299,Marijn,mbroxis8a@sbwire.com,(820) 3083778,Apt 903,299
300,Correy,cnuttall8b@cdbaby.com,(261) 2185589,PO Box 90483,300
301,Ado,aklimsch8c@imgur.com,(485) 8689557,Apt 584,301
302,Sidnee,swarde8d@dion.ne.jp,(537) 2559251,PO Box 63122,302
303,Ilse,ioffen8e@storify.com,(541) 3219652,18th Floor,303
304,Olivero,oghioni8f@foxnews.com,(317) 3921476,Apt 1312,304
305,Leigh,lelleton8g@youtube.com,(939) 8658104,Apt 938,305
306,Rob,rpaddeley8h@stumbleupon.com,(853) 1112186,9th Floor,306
307,Porter,pmorston8i@vistaprint.com,(932) 8654650,Room 844,307
308,Brew,bhuge8j@youku.com,(209) 1636960,Suite 78,308
309,Gasparo,gmaevela8k@sbwire.com,(103) 1202227,PO Box 7562,309
310,Mahmoud,mkrink8l@homestead.com,(652) 9457839,Apt 1115,310
311,Nalani,nstorey8m@europa.eu,(248) 2380001,Suite 23,311
312,Staci,syurkov8n@list-manage.com,(134) 4201720,Suite 32,312
313,Ninetta,nruggs8o@blinklist.com,(459) 3961601,Suite 26,313
314,Elysee,egoacher8p@elpais.com,(449) 2875857,16th Floor,314
315,Brand,bwherrit8q@phoca.cz,(767) 9250986,8th Floor,315
316,Valentina,vstoner8r@nasa.gov,(226) 4737415,Apt 1871,316
317,Estevan,eower8s@state.gov,(480) 8405898,Apt 1735,317
318,Ramona,rannable8t@people.com.cn,(379) 1169724,11th Floor,318
319,Gray,gdowne8u@webeden.co.uk,(508) 1529232,Suite 50,319
320,Olin,owickson8v@goo.ne.jp,(405) 8496467,Suite 36,320
321,Nappie,nerskine8w@flickr.com,(657) 4531457,Room 62,321
322,Neil,ndehm8x@about.me,(997) 8085445,PO Box 85864,322
323,Gussy,gotson8y@furl.net,(185) 9579816,PO Box 93987,323
324,Reinhard,rstallard8z@google.de,(122) 7881167,Apt 1148,324
325,Ingunna,istinson90@irs.gov,(844) 9880582,PO Box 62946,325
326,Aggi,aklassmann91@com.com,(596) 3291532,13th Floor,326
327,Murielle,mjeannin92@cnet.com,(999) 6755691,Room 225,327
328,Paolina,pricciardo93@dmoz.org,(144) 1582921,PO Box 74181,328
329,Meghan,mwhight94@typepad.com,(118) 7215238,PO Box 66534,329
330,Kristo,kbeagrie95@google.com.br,(607) 1310011,Suite 99,330
331,Maxie,mcrossgrove96@dedecms.com,(669) 7912643,Suite 3,331
332,Bird,bbrushfield97@youtube.com,(782) 7293074,20th Floor,332
333,Adelina,adelph98@howstuffworks.com,(216) 4801475,Room 1956,333
334,Benedick,bkirkham99@bloglines.com,(848) 7479558,15th Floor,334
335,Brodie,bvivians9a@samsung.com,(862) 6377657,Suite 45,335
336,Aeriell,ademoge9b@xinhuanet.com,(319) 7805518,Apt 591,336
337,Julissa,jmcquilliam9c@apple.com,(975) 5534374,Apt 767,337
338,Lorrin,ldemeter9d@bizjournals.com,(982) 6107155,Room 410,338
339,Jessi,jrisby9e@huffingtonpost.com,(788) 7406821,PO Box 97283,339
340,Claudie,clawrey9f@chron.com,(335) 9747670,PO Box 59428,340
341,Dacia,dprater9g@goo.ne.jp,(608) 5178500,PO Box 67835,341
342,Mort,mconn9h@wufoo.com,(964) 2441716,Suite 60,342
343,Clementius,cdavidman9i@gnu.org,(767) 2036070,PO Box 61327,343
344,Jerrold,jbitchener9j@goo.ne.jp,(511) 7306278,Room 775,344
345,Pam,ptregunna9k@lulu.com,(950) 4039894,Room 771,345
346,Griffin,gmartyntsev9l@wsj.com,(577) 4917386,PO Box 31407,346
347,Nikita,npeekevout9m@barnesandnoble.com,(510) 9967088,Room 1697,347
348,Tanhya,tgolson9n@cmu.edu,(746) 1298244,2nd Floor,348
349,Lisabeth,lsanter9o@mlb.com,(752) 5034542,Suite 81,349
350,Daune,dheadey9p@multiply.com,(423) 9192223,Room 697,350
351,Constancia,cgerring9q@webnode.com,(568) 5522021,Room 1243,351
352,Nanci,nmanilo9r@netscape.com,(129) 4155812,Room 1041,352
353,Dorri,dkinnie9s@wisc.edu,(889) 1676273,PO Box 37942,353
354,Cathie,cpozzi9t@mtv.com,(473) 7288037,Room 1106,354
355,Florina,fseekings9u@sina.com.cn,(356) 9342028,Suite 66,355
356,Carlye,chargreave9v@reuters.com,(830) 6195653,Suite 35,356
357,Mohandas,mfairbairn9w@1688.com,(917) 4554962,Room 1116,357
358,Hector,hbatha9x@slideshare.net,(484) 1938774,Suite 83,358
359,Jamaal,jedwardson9y@indiegogo.com,(697) 1879725,Suite 99,359
360,Riordan,rkobierra9z@privacy.gov.au,(246) 9386256,7th Floor,360
361,Siobhan,spreshawa0@mapquest.com,(758) 3128078,Room 1829,361
362,Haywood,hpurvesa1@gnu.org,(107) 8877330,PO Box 81015,362
363,Marlie,mcowlea2@noaa.gov,(547) 5694149,5th Floor,363
364,Joan,jdanhela3@si.edu,(299) 1092344,Suite 9,364
365,Elizabet,ewoolwaya4@bloglines.com,(441) 7180430,Room 1783,365
366,Richmond,rravena5@constantcontact.com,(721) 4839359,Apt 1521,366
367,Deerdre,dhardypiggina6@trellian.com,(104) 7454588,Apt 1684,367
368,Else,egrelika7@ted.com,(476) 1498727,2nd Floor,368
369,Bettye,bdickersona8@nymag.com,(124) 5267807,14th Floor,369
370,Francine,fbesa9@wufoo.com,(963) 4159520,Room 1105,370
371,Adlai,awhebleaa@bluehost.com,(996) 4455786,PO Box 51806,371
372,Christian,caguirrezabalab@1und1.de,(643) 9868389,Room 876,372
373,Desdemona,dhayeac@psu.edu,(192) 1509954,4th Floor,373
374,Skipp,shayhowad@scientificamerican.com,(125) 1556796,Apt 671,374
375,Gun,gwhiskerdae@topsy.com,(127) 6294238,Apt 958,375
376,Nathaniel,ncleynaertaf@godaddy.com,(173) 6347074,13th Floor,376
377,Alric,acuttleag@house.gov,(702) 8343459,PO Box 33756,377
378,Tibold,tgalloah@google.fr,(645) 2527885,PO Box 28093,378
379,Ignacius,imelendezai@quantcast.com,(190) 1433999,Suite 25,379
380,Sharia,sfrodsamaj@wikipedia.org,(229) 4958798,8th Floor,380
381,Neel,npinchingak@ocn.ne.jp,(921) 6058516,PO Box 41059,381
382,Alanah,adimitrescual@engadget.com,(673) 1587246,PO Box 8402,382
383,Willi,wkemptonam@nsw.gov.au,(808) 4424936,11th Floor,383
384,Erica,espinneyan@paginegialle.it,(580) 3306259,9th Floor,384
385,Audrey,araddonao@seesaa.net,(267) 5931558,Apt 407,385
386,Banky,bhussyap@jugem.jp,(977) 5458098,Apt 287,386
387,Lucine,lledbetteraq@wiley.com,(220) 2063042,Suite 74,387
388,Blaine,bpinwillar@thetimes.co.uk,(129) 2312201,Apt 1081,388
389,Franciska,fkollasas@geocities.jp,(423) 4667120,Apt 1427,389
390,Jaclin,jmacconnalat@canalblog.com,(718) 5402077,11th Floor,390
391,Raynell,rsamwaysau@baidu.com,(939) 7468339,Room 1780,391
392,Leesa,lthyerav@blogs.com,(304) 2412782,Suite 36,392
393,Fabien,fkirknessaw@dot.gov,(443) 6351447,PO Box 23978,393
394,Averill,ahunnywellax@tinypic.com,(113) 6699362,Suite 41,394
395,Goldarina,gleddyay@spotify.com,(449) 5424708,PO Box 70038,395
396,Brian,bwildmanaz@a8.net,(445) 1698688,20th Floor,396
397,Verney,vbragerb0@phpbb.com,(554) 6379504,Apt 634,397
398,Angeline,aundrellb1@example.com,(661) 3596387,Room 1490,398
399,Doti,dlanfearb2@alibaba.com,(551) 8541884,15th Floor,399
400,Son,sosburnb3@ucla.edu,(485) 5843551,Room 1887,400
401,Englebert,eliptrotb4@comcast.net,(427) 5643343,Apt 779,401
402,Wash,wcaulfieldb5@wsj.com,(751) 7946656,Room 1216,402
403,Brady,bsicelyb6@fastcompany.com,(795) 4110316,PO Box 43407,403
404,Rem,rbrunetonb7@tinyurl.com,(936) 4448183,Suite 13,404
405,Kalvin,kflukesb8@tinyurl.com,(247) 4969433,PO Box 96462,405
406,Rorie,rzannottib9@army.mil,(929) 4097580,Apt 590,406
407,Lauri,lkernellba@imageshack.us,(939) 4804559,Room 1716,407
408,Faunie,foneillbb@vk.com,(641) 1771795,Suite 5,408
409,Eugene,ejillisbc@blogs.com,(694) 4513590,Apt 77,409
410,Wanda,wsineathbd@wikia.com,(549) 9898828,Suite 1,410
411,Temp,tespinaybe@oracle.com,(315) 5178132,Room 359,411
412,Giffy,gswiftbf@trellian.com,(989) 2885358,12th Floor,412
413,Babette,bramelbg@shop-pro.jp,(633) 1634467,10th Floor,413
414,Hamlen,hgilbertbh@tiny.cc,(639) 3292237,PO Box 42882,414
415,Prinz,phuftonbi@pinterest.com,(388) 5567092,8th Floor,415
416,Emmy,eeagerbj@last.fm,(302) 5093105,Suite 84,416
417,Israel,iheinebk@yahoo.com,(635) 2220399,4th Floor,417
418,Ruttger,rdwelleybl@amazon.co.uk,(366) 1561223,PO Box 2909,418
419,Pen,pshentonbm@house.gov,(939) 7713441,Room 1018,419
420,Aurel,arigatebn@histats.com,(239) 6036571,11th Floor,420
421,Alasdair,aslowanbo@mtv.com,(524) 2171739,Suite 27,421
422,Adelle,atrouelbp@devhub.com,(202) 4829947,Suite 57,422
423,Rockey,rharrissbq@reverbnation.com,(469) 6722341,PO Box 81174,423
424,Kelbee,kharvettbr@mac.com,(788) 8456895,Room 471,424
425,Annadiana,akasparskibs@narod.ru,(646) 2021015,Suite 26,425
426,Gray,gtomblinbt@mapy.cz,(889) 3001846,PO Box 12899,426
427,Lonnie,lmeldingbu@jiathis.com,(891) 3142653,Apt 1656,427
428,Sunny,sioselevichbv@ft.com,(198) 1814573,4th Floor,428
429,Bethany,bwhistanbw@wordpress.com,(393) 9435005,Apt 249,429
430,Kiel,ksloybx@marketwatch.com,(969) 8484228,PO Box 14625,430
431,Fay,frihosekby@wikipedia.org,(832) 5538326,Apt 188,431
432,Bale,bgodspedebz@ycombinator.com,(198) 4928636,Apt 928,432
433,Jori,jbeddoec0@reference.com,(647) 2255399,Suite 58,433
434,Jan,jsoaperc1@bloglovin.com,(138) 1500914,14th Floor,434
435,Sherilyn,shullerc2@creativecommons.org,(305) 6123473,Apt 1602,435
436,Drucy,dwykesc3@flavors.me,(208) 1347095,Suite 2,436
437,Jefferson,jivankinc4@narod.ru,(609) 4384629,8th Floor,437
438,Troy,tfiltnessc5@shop-pro.jp,(447) 4979920,Suite 88,438
439,Imelda,idownhamc6@ucsd.edu,(788) 5782722,Apt 1525,439
440,Gabie,gscanesc7@shutterfly.com,(596) 1729356,Apt 475,440
441,Farand,fapplegarthc8@bloglines.com,(163) 6803662,PO Box 55606,441
442,Merle,mdeelyc9@irs.gov,(856) 9149549,Apt 1071,442
443,Abrahan,awellingtonca@simplemachines.org,(510) 2584104,Apt 1026,443
444,Hilly,haugustuscb@gmpg.org,(700) 6044632,5th Floor,444
445,Cory,creckecc@marketwatch.com,(202) 5487973,12th Floor,445
446,Marlowe,mserruriercd@oakley.com,(470) 8409502,Room 1855,446
447,Cirstoforo,ccarwithence@studiopress.com,(396) 6568229,1st Floor,447
448,Verina,vheggcf@psu.edu,(704) 4558735,Apt 1190,448
449,Em,ekmicickicg@smh.com.au,(859) 8596856,PO Box 49699,449
450,Codie,chargrovesch@bizjournals.com,(601) 1313525,Apt 1785,450
451,Allie,alockhartci@dmoz.org,(935) 7475336,Suite 25,451
452,Cletis,crandalsoncj@telegraph.co.uk,(491) 5109661,Room 1154,452
453,Zach,zdelacosteck@odnoklassniki.ru,(817) 9841943,3rd Floor,453
454,Tabitha,tdmitrichenkocl@senate.gov,(284) 6805428,Room 1600,454
455,Trip,tsommertoncm@myspace.com,(712) 8688034,Room 1790,455
456,Dasie,dbilamcn@woothemes.com,(987) 5201572,Suite 15,456
457,King,kcecereco@wikia.com,(952) 5954125,10th Floor,457
458,Lauryn,lbrauntoncp@deviantart.com,(594) 9323500,Apt 303,458
459,Beltran,bdeesoncq@mozilla.com,(498) 4877238,14th Floor,459
460,Ham,hmitchellcr@youtube.com,(280) 9093428,PO Box 97898,460
461,Lenee,larmisteadcs@netlog.com,(658) 7138726,Suite 28,461
462,Cherin,cgniewoszct@blogs.com,(486) 7883605,PO Box 91718,462
463,Ceciley,challickcu@dion.ne.jp,(442) 1867710,Room 1830,463
464,Doloritas,dbockingscv@economist.com,(772) 5000843,Room 1683,464
465,Kristan,kkortcw@toplist.cz,(647) 7195460,PO Box 77921,465
466,Brandea,bjelleycx@domainmarket.com,(252) 6206266,Apt 428,466
467,Darline,dmatisoffcy@networksolutions.com,(419) 6976437,10th Floor,467
468,Adelbert,aollivierrecz@hc360.com,(374) 2998671,PO Box 37494,468
469,Arabele,afermingerd0@spiegel.de,(530) 6996682,Apt 1028,469
470,Katinka,kbrumheadd1@jiathis.com,(105) 4557571,Room 1243,470
471,Benoite,bgniewoszd2@theguardian.com,(443) 2559276,Room 890,471
472,Natale,nkittimand3@dagondesign.com,(934) 9650880,Suite 22,472
473,Brendan,blyfed4@comcast.net,(865) 2437536,Room 581,473
474,Chancey,ctaylotd5@cmu.edu,(143) 8727452,PO Box 36713,474
475,Guido,ghirsthoused6@un.org,(118) 4300700,Suite 89,475
476,Goddard,gtabbd7@tripadvisor.com,(731) 8966329,Apt 1035,476
477,Horace,hgascoyned8@plala.or.jp,(311) 6491995,Apt 53,477
478,Shalom,shoveed9@g.co,(525) 9921364,Suite 11,478
479,Buffy,bblaycockda@state.tx.us,(253) 6192091,9th Floor,479
480,Nobie,nandreadb@deliciousdays.com,(618) 4545122,Room 1805,480
481,Lin,lfalksdc@bing.com,(434) 3720788,PO Box 25668,481
482,Elena,eflodedd@wikispaces.com,(730) 3796597,Apt 839,482
483,Archibald,abignoldde@nyu.edu,(410) 6420152,6th Floor,483
484,Shawn,sveiversdf@youtube.com,(447) 9001292,Room 1708,484
485,Renaldo,rgajownikdg@php.net,(456) 3003814,Apt 1283,485
486,Ruprecht,rferrieresdh@list-manage.com,(273) 6732679,15th Floor,486
487,Shelton,sruggsdi@wisc.edu,(196) 8578959,Apt 1120,487
488,Abbi,ahuglindj@wunderground.com,(586) 3547823,Room 770,488
489,Cole,cmccuishdk@epa.gov,(823) 9407268,PO Box 27438,489
490,Jocko,jgianellidl@furl.net,(655) 1645454,PO Box 13892,490
491,Bealle,bruslingdm@tripadvisor.com,(840) 5632150,Room 1988,491
492,Albina,ameininkingdn@spotify.com,(972) 1501170,Suite 69,492
493,Raoul,rmechicdo@about.me,(366) 9824734,Room 1714,493
494,Cosetta,ckenwortheydp@goo.ne.jp,(730) 9216387,Apt 27,494
495,Artemas,amccheynedq@shinystat.com,(823) 9031013,Suite 66,495
496,Ebba,esurcombdr@so-net.ne.jp,(600) 8304454,Apt 793,496
497,Caren,cmcardds@smugmug.com,(860) 8596588,PO Box 10025,497
498,Arvy,alowensohndt@whitehouse.gov,(470) 9571679,1st Floor,498
499,Michael,mduesburydu@4shared.com,(451) 4914252,PO Box 26552,499
500,Morganica,mtrucedv@nationalgeographic.com,(363) 7422341,Suite 52,500
501,Gerardo,gcastelindw@disqus.com,(432) 3550890,PO Box 5227,501
502,Gay,gcreeboedx@addthis.com,(732) 9612776,Apt 1676,502
503,Chrissie,cmaunddy@nature.com,(865) 1871277,Suite 70,503
504,Jamal,jgeaneydz@unesco.org,(977) 4962085,Apt 1971,504
505,Yuri,yviele0@csmonitor.com,(863) 2089844,Apt 132,505
506,Anatollo,astoylee1@irs.gov,(662) 8283679,Suite 14,506
507,Katee,krobacke2@theatlantic.com,(584) 4704445,Suite 22,507
508,Aeriel,amortele3@moonfruit.com,(827) 8148919,16th Floor,508
509,Angus,acowupe4@imdb.com,(866) 8048193,7th Floor,509
510,Gleda,gsmothe5@mysql.com,(554) 6344698,PO Box 99423,510
511,Chaim,ctapnere6@salon.com,(718) 9311198,Suite 80,511
512,Wylma,wlampkee7@mozilla.com,(575) 8559879,Apt 1550,512
513,Darci,dfirlee8@sfgate.com,(463) 6401761,Room 1383,513
514,Chet,chuarde9@washingtonpost.com,(352) 9409351,8th Floor,514
515,Kori,kpetcheyea@sciencedaily.com,(689) 4131100,Apt 1457,515
516,Grier,gextereb@miitbeian.gov.cn,(373) 1456808,20th Floor,516
517,Jeni,jpeinkeec@addtoany.com,(233) 6186184,Suite 62,517
518,Roxana,regdelled@deviantart.com,(954) 6514835,Apt 1831,518
519,Christyna,cenrdigoee@theguardian.com,(822) 7393960,Suite 16,519
520,Judas,jjusthamef@shop-pro.jp,(679) 3226643,Apt 85,520
521,Dacey,dpoulglaiseg@dagondesign.com,(953) 4604182,PO Box 6818,521
522,Opaline,ochristauffoureh@photobucket.com,(646) 1428289,PO Box 2082,522
523,Shannah,spfaffelei@dot.gov,(561) 8505863,PO Box 5301,523
524,Danyelle,dkleinhausej@over-blog.com,(907) 5128830,Apt 503,524
525,Arnaldo,agunningek@pagesperso-orange.fr,(550) 9831176,1st Floor,525
526,Bianka,bransomeel@rambler.ru,(983) 6556000,Suite 34,526
527,Ethan,enussem@weibo.com,(949) 1096164,Apt 1015,527
528,Cliff,cchalkeen@xrea.com,(183) 8857840,Room 1130,528
529,Rozella,rplunketteo@live.com,(142) 5205196,19th Floor,529
530,Wye,wtomblesonep@slashdot.org,(122) 2978654,4th Floor,530
531,Lenee,lcampleneq@hatena.ne.jp,(439) 4255807,Room 1549,531
532,Cortie,cfairbrasser@blogs.com,(698) 2109525,PO Box 50938,532
533,Duff,dhenmarshes@free.fr,(855) 6174841,Room 1286,533
534,Merrily,mchaneyet@digg.com,(860) 7906990,2nd Floor,534
535,Kristel,kcathersideseu@squidoo.com,(817) 5440712,Room 1594,535
536,Agnes,abillanyev@altervista.org,(469) 2416183,Suite 85,536
537,Jeremiah,jlazarusew@smh.com.au,(237) 2920124,PO Box 22171,537
538,Karlene,kogormanex@friendfeed.com,(277) 6782605,PO Box 40729,538
539,Christos,cdownerey@delicious.com,(918) 8327344,Room 1515,539
540,Brandie,bmyersez@ihg.com,(560) 5090403,15th Floor,540
541,Melisande,mbewf0@etsy.com,(210) 3813712,Apt 818,541
542,Dall,dhenkmannf1@loc.gov,(666) 9130934,Apt 115,542
543,Quintin,qnottf2@java.com,(466) 9872533,Apt 520,543
544,Aliza,aalsterf3@jimdo.com,(146) 1625446,PO Box 77025,544
545,Loella,lgreenshielsf4@comcast.net,(193) 1093805,Room 620,545
546,Johnna,jbuckhamf5@oracle.com,(141) 8383820,Suite 80,546
547,Pietra,pchidleyf6@alibaba.com,(395) 4549740,15th Floor,547
548,Darcy,dfleaf7@hatena.ne.jp,(146) 3396493,Room 1415,548
549,Elicia,edomef8@ustream.tv,(700) 3100248,PO Box 44488,549
550,Barty,bpearlf9@cam.ac.uk,(832) 1279827,Apt 1079,550
551,Jewel,jehlerdingfa@irs.gov,(647) 3377084,Room 756,551
552,Brena,bquinetfb@amazon.co.uk,(259) 5766412,Suite 86,552
553,Luca,lkeherfc@nps.gov,(770) 9936753,Suite 26,553
554,Emmanuel,ezanazzifd@miibeian.gov.cn,(606) 5222958,Room 271,554
555,Gretna,gchiltonfe@phpbb.com,(193) 7078083,Apt 1948,555
556,Wade,wchishullff@about.me,(667) 1006198,Apt 134,556
557,Leena,lrobjentsfg@surveymonkey.com,(115) 4307272,Room 1957,557
558,Clevie,chilandfh@phoca.cz,(407) 9288359,8th Floor,558
559,Eulalie,erulefi@booking.com,(570) 5720215,Apt 1808,559
560,Bathsheba,bgoudiefj@quantcast.com,(244) 7558694,Apt 879,560
561,Revkah,rralestonfk@skype.com,(714) 3683314,PO Box 55273,561
562,Nadine,nricsonfl@engadget.com,(338) 1339994,Room 1106,562
563,Kerwinn,ksummersfm@trellian.com,(770) 6362889,Room 1134,563
564,Phillida,paizikovichfn@purevolume.com,(343) 7219571,PO Box 65620,564
565,Cherye,creecefo@wisc.edu,(522) 9528132,PO Box 91140,565
566,Laurette,lenderbyfp@fotki.com,(396) 9228060,PO Box 86978,566
567,Adrianna,akearlefq@joomla.org,(978) 1481097,Room 1946,567
568,Thibaut,tkeyfr@indiegogo.com,(124) 7334547,3rd Floor,568
569,Ingar,ikinceyfs@irs.gov,(487) 6619583,Suite 32,569
570,Kriste,ktreleavenft@tmall.com,(553) 6311616,Apt 1599,570
571,Lynnell,lmacnamarafu@youtube.com,(915) 9463830,PO Box 20411,571
572,Amandy,ahabberghamfv@dion.ne.jp,(741) 8663357,3rd Floor,572
573,Germana,geliassonfw@over-blog.com,(172) 4529279,20th Floor,573
574,Kaitlynn,kclyantfx@1688.com,(775) 9100819,Room 652,574
575,Rod,ritscowiczfy@prlog.org,(455) 7011846,Apt 485,575
576,Shawnee,sheadfz@mit.edu,(101) 5424105,Room 1080,576
577,Yulma,ylaminmang0@omniture.com,(234) 1669394,6th Floor,577
578,Averell,awallbankg1@histats.com,(433) 7628718,Room 1053,578
579,Clare,chagardg2@ning.com,(476) 6357405,11th Floor,579
580,Joelle,jtittg3@va.gov,(822) 1303395,15th Floor,580
581,Roshelle,rpesikg4@baidu.com,(817) 4329664,Suite 2,581
582,Iggy,imcgonnellg5@washington.edu,(769) 8304824,12th Floor,582
583,Ezra,emichielg6@furl.net,(283) 8600008,Suite 88,583
584,Fleur,fbotleyg7@dagondesign.com,(975) 6996736,PO Box 11008,584
585,Marci,mhatwellg8@ed.gov,(727) 4366706,Room 1006,585
586,Hal,htolemacheg9@cmu.edu,(218) 6463610,Room 950,586
587,Wini,whinzga@google.com,(370) 8303804,PO Box 53528,587
588,Reidar,rskeermergb@seattletimes.com,(467) 4056198,Room 1633,588
589,Silvester,sbassongc@hubpages.com,(791) 5639239,PO Box 14034,589
590,Finley,fchartmangd@adobe.com,(122) 6580352,Suite 10,590
591,Reagen,rliefge@craigslist.org,(184) 7281608,Apt 1700,591
592,Corinne,ccolombgf@msu.edu,(556) 9016320,PO Box 73031,592
593,Kiley,kgregolingg@yale.edu,(845) 2931703,PO Box 71823,593
594,Whitney,wwaitgh@i2i.jp,(400) 7148939,Suite 62,594
595,Urban,utonbridgegi@nytimes.com,(105) 9892055,7th Floor,595
596,Der,dbroadwellgj@ibm.com,(263) 5987593,Suite 7,596
597,Hettie,hblindegk@dyndns.org,(126) 9722939,2nd Floor,597
598,Noemi,nweldrakegl@booking.com,(287) 7510173,PO Box 5747,598
599,Mel,mmcsparrangm@mtv.com,(371) 2475228,Suite 3,599
600,Welby,wclarkegn@dagondesign.com,(853) 8054259,Room 1026,600
601,Meghan,makeherstgo@narod.ru,(435) 8000465,Room 553,601
602,Normy,nbiaginigp@marketwatch.com,(355) 3841021,Apt 385,602
603,Bess,blongstaffegq@kickstarter.com,(667) 1554988,16th Floor,603
604,Russ,rgouinlockgr@google.co.jp,(462) 8004511,Apt 1279,604
605,Hattie,hprovestgs@geocities.com,(132) 6239641,Apt 1487,605
606,Dillie,dsherwyngt@statcounter.com,(736) 9229832,18th Floor,606
607,Myron,mjossgu@slate.com,(566) 2541857,Suite 25,607
608,Umberto,ulittellgv@spiegel.de,(581) 9127309,Suite 28,608
609,Skippie,snearygw@hubpages.com,(250) 7500125,Suite 73,609
610,Benny,bebanksgx@purevolume.com,(749) 7598445,Suite 19,610
611,Johnathan,jmanuelegy@salon.com,(820) 1986076,Room 970,611
612,Ferne,fkaingz@house.gov,(483) 7550835,Apt 991,612
613,Babs,bhammermanh0@imageshack.us,(966) 8298588,Suite 43,613
614,Lurette,lstanwayh1@csmonitor.com,(809) 8968480,PO Box 688,614
615,Tobit,tchickh2@360.cn,(832) 3298058,Suite 63,615
616,Ruy,rspencerh3@1und1.de,(557) 2122342,Suite 11,616
617,Eadie,esturridgeh4@forbes.com,(801) 7387463,Apt 767,617
618,Glory,gblownh5@sciencedirect.com,(374) 7103968,Apt 1842,618
619,Tarrah,tkernarh6@myspace.com,(125) 2869299,PO Box 61720,619
620,Lukas,lburkillh7@wikia.com,(220) 8389830,1st Floor,620
621,Alexis,awauchopeh8@wsj.com,(895) 5910565,PO Box 31840,621
622,Hort,hshuardh9@japanpost.jp,(276) 5511879,Suite 16,622
623,Amabel,aglyssanneha@statcounter.com,(286) 1283783,Apt 1691,623
624,Marijn,mvarvarahb@cisco.com,(275) 4875394,Room 1422,624
625,Gerald,gfattorehc@salon.com,(774) 8516161,PO Box 53165,625
626,Friederike,fferrihd@technorati.com,(280) 7981155,Room 799,626
627,Aeriel,amanselhe@amazon.co.uk,(195) 8387507,PO Box 23359,627
628,Shanda,sfumagallohf@indiegogo.com,(577) 4280697,PO Box 38886,628
629,Karim,klowselyhg@hp.com,(997) 5389922,Apt 1639,629
630,Lissa,lridoutthh@cisco.com,(239) 1731405,PO Box 59693,630
631,Shaun,sdownagehi@php.net,(216) 1039595,Suite 84,631
632,Florence,fsemeradhj@google.ru,(404) 4927853,Suite 95,632
633,Jules,jsouthworthhk@japanpost.jp,(178) 5008796,Suite 78,633
634,Stillman,smalehamhl@geocities.com,(468) 5778340,Apt 150,634
635,Balduin,bfraserhm@yelp.com,(278) 2624103,Room 1482,635
636,Rorie,rgoodhayhn@mediafire.com,(862) 8183196,Room 1503,636
637,Heda,htargetterho@cmu.edu,(245) 8873086,13th Floor,637
638,Enriqueta,ehunnywellhp@wunderground.com,(785) 4288356,PO Box 38091,638
639,Enrico,esackerhq@discuz.net,(247) 9528864,Apt 1538,639
640,Leola,lgallaherhr@blinklist.com,(505) 9073955,Suite 61,640
641,Sileas,smooringhs@cbc.ca,(180) 2494869,Apt 684,641
642,Sidney,ssearyht@goo.ne.jp,(954) 3417725,Apt 1770,642
643,Izaak,iredonhu@skype.com,(990) 6469215,PO Box 83260,643
644,Gideon,gmonganhv@opensource.org,(730) 3452427,Apt 110,644
645,Chaddie,cwhinrayhw@baidu.com,(577) 7948397,PO Box 48468,645
646,Loren,ldesquesneshx@walmart.com,(168) 7969951,Apt 183,646
647,Brander,boxshotthy@apple.com,(105) 7782990,13th Floor,647
648,Patrizio,pmummhz@microsoft.com,(841) 8505797,Apt 1453,648
649,Gerrard,gcoatei0@businessinsider.com,(351) 7274907,Suite 78,649
650,Clarabelle,cheseyi1@utexas.edu,(470) 2344473,13th Floor,650
651,Yank,youterbridgei2@artisteer.com,(430) 8179475,Suite 90,651
652,Fraser,fthirkettlei3@unc.edu,(953) 7132657,10th Floor,652
653,Valentia,vtamei4@statcounter.com,(992) 3744613,Apt 993,653
654,Arabelle,aperseyi5@furl.net,(328) 3744029,Room 1611,654
655,Anita,arowetti6@usnews.com,(948) 6993234,Apt 1180,655
656,Tucky,telvinsi7@tripod.com,(847) 9747398,Apt 1053,656
657,Terrel,tcaswalli8@mlb.com,(560) 8518632,Suite 39,657
658,Maurie,mgraithi9@gov.uk,(814) 2973154,Suite 51,658
659,Wendi,wszepeia@altervista.org,(221) 4021128,PO Box 3755,659
660,Frannie,fdovidaitisib@flavors.me,(890) 5132247,Suite 98,660
661,Joelie,jkeetchic@si.edu,(226) 8920136,Apt 1260,661
662,Arleta,adimmackid@nature.com,(885) 9406115,16th Floor,662
663,Sterling,ssmaileie@newsvine.com,(247) 8054358,Suite 46,663
664,Julian,jferneleyif@fotki.com,(694) 9755977,Suite 96,664
665,Tull,tcastendaig@google.ru,(677) 8260356,PO Box 36543,665
666,Wren,wloddonih@mac.com,(517) 5446530,Apt 1100,666
667,Elizabeth,eaggioii@washington.edu,(721) 4465258,14th Floor,667
668,Gabrila,gspoffordij@webs.com,(705) 7031142,Apt 401,668
669,Kiah,kpurkessik@vinaora.com,(366) 7782533,Apt 1897,669
670,Daria,dmaccrackanil@un.org,(534) 6360024,Apt 1405,670
671,Ardyce,airwinim@moonfruit.com,(287) 3764928,Suite 39,671
672,Bennett,backermanin@woothemes.com,(649) 4585476,Apt 437,672
673,Biddie,bhathornio@state.gov,(119) 8741447,Apt 645,673
674,Vidovik,vdinesenip@apache.org,(138) 4228703,PO Box 13556,674
675,Hart,hgarthlandiq@github.io,(506) 3672880,Suite 40,675
676,Chevy,cdungeeir@howstuffworks.com,(503) 4803185,8th Floor,676
677,Briant,bbeais@github.com,(954) 1397297,Apt 1654,677
678,Fredericka,fjoannidiit@123-reg.co.uk,(430) 3011063,Suite 89,678
679,Hashim,hboutcheriu@livejournal.com,(743) 4808328,Room 495,679
680,Arni,aduffetiv@thetimes.co.uk,(722) 4934064,Suite 61,680
681,Horten,hpavieriw@who.int,(430) 6441879,Room 465,681
682,Talbert,tgarrodix@ezinearticles.com,(993) 7376151,PO Box 55015,682
683,Riordan,randerseniy@unesco.org,(304) 1645948,Room 1273,683
684,Nikki,nmccrieiz@altervista.org,(239) 8243374,Suite 46,684
685,Fawnia,fchenej0@google.co.uk,(956) 6038053,Suite 30,685
686,Mirelle,mkillockj1@upenn.edu,(551) 9693641,5th Floor,686
687,Caesar,ccraddyj2@freewebs.com,(375) 6942101,PO Box 34827,687
688,Patton,plevisonj3@spotify.com,(766) 3904913,Suite 60,688
689,Denise,dbenhamj4@timesonline.co.uk,(448) 8933958,14th Floor,689
690,Cullan,ccadwellj5@wiley.com,(567) 2057507,Apt 1754,690
691,Larissa,llaymanj6@marriott.com,(497) 6698154,Suite 40,691
692,Violet,vmanninj7@army.mil,(531) 4174135,PO Box 50946,692
693,Felipe,fmanvellj8@google.com.hk,(556) 5304571,Room 553,693
694,Gail,gsperskij9@odnoklassniki.ru,(563) 2982925,8th Floor,694
695,Mikael,mbruinja@wikispaces.com,(388) 3316190,Suite 82,695
696,Ola,ohannerjb@ebay.co.uk,(512) 1890479,Suite 85,696
697,Frederigo,fthowesjc@mozilla.com,(336) 4754593,Apt 1268,697
698,Vick,vmyttonjd@washington.edu,(105) 4351781,Room 1328,698
699,Raimundo,rduffynje@jigsy.com,(829) 1705173,Suite 73,699
700,Terrance,tsmowtonjf@themeforest.net,(120) 4582687,16th Floor,700
701,Frederick,fmaaszjg@vimeo.com,(842) 5314129,Suite 67,701
702,Cynthie,cdekeyserjh@ning.com,(401) 4458059,Room 1081,702
703,Nina,ndeneji@blogtalkradio.com,(390) 4313302,9th Floor,703
704,Frederigo,fmclellanjj@usgs.gov,(442) 5868600,Apt 575,704
705,Vern,vdallinderjk@themeforest.net,(525) 2672120,Apt 1906,705
706,Mirella,mkraussjl@ustream.tv,(262) 4621572,PO Box 73409,706
707,Claus,cleopardjm@irs.gov,(461) 5916474,Suite 94,707
708,Alphard,afinlaterjn@psu.edu,(541) 9384047,Suite 72,708
709,Gray,gmarshmanjo@unesco.org,(833) 7898316,Room 210,709
710,Bellanca,blebanjp@behance.net,(808) 1880618,Suite 88,710
711,Sharai,sgilbeejq@google.es,(469) 5899301,14th Floor,711
712,Lovell,lbrithmanjr@twitter.com,(784) 8325580,Room 1208,712
713,Ange,arowlandsjs@pcworld.com,(348) 1744224,Apt 984,713
714,Claudelle,cstarrsjt@360.cn,(196) 2033982,14th Floor,714
715,Marge,mwitzju@deliciousdays.com,(972) 4806658,Room 318,715
716,Solomon,soldroydjv@irs.gov,(540) 1960905,Apt 1451,716
717,Kaitlin,khirjakjw@guardian.co.uk,(706) 1486073,Suite 7,717
718,Leonerd,lchardjx@networksolutions.com,(228) 6078886,17th Floor,718
719,Randa,rbaignardjy@yahoo.co.jp,(498) 5494585,PO Box 62139,719
720,Cyril,coakleyjz@dot.gov,(216) 1596128,Suite 47,720
721,Kathryne,kiannazzik0@taobao.com,(991) 3626902,Apt 977,721
722,Rustie,rgatlink1@spotify.com,(905) 1655206,Suite 11,722
723,Walton,wbezantk2@paginegialle.it,(657) 2045027,Suite 100,723
724,Gery,gquogank3@gizmodo.com,(765) 7256622,6th Floor,724
725,Coraline,ccraftsk4@ted.com,(144) 7433470,7th Floor,725
726,Trev,tgantzk5@telegraph.co.uk,(999) 4007300,PO Box 88194,726
727,Roshelle,rroskamsk6@furl.net,(968) 3349383,Suite 27,727
728,Ben,bsierk7@vimeo.com,(802) 9004751,Apt 499,728
729,Gavin,gmctrustramk8@discuz.net,(614) 9961406,1st Floor,729
730,Dene,dproswellk9@seesaa.net,(866) 2723585,Room 861,730
731,Duff,dtingcombka@prnewswire.com,(943) 7757388,Suite 12,731
732,Shandie,sfredikb@jigsy.com,(367) 3324350,Apt 926,732
733,Kris,kszymonkc@washingtonpost.com,(483) 8201436,PO Box 16148,733
734,Chucho,csenogleskd@illinois.edu,(296) 4430297,Room 1709,734
735,Meier,mwhittallke@zdnet.com,(382) 6708356,PO Box 21793,735
736,Iago,ilittlejohnskf@reddit.com,(882) 3115983,PO Box 16751,736
737,Orella,oborgekg@prnewswire.com,(993) 7628959,Room 940,737
738,Josephine,jsheaberkh@berkeley.edu,(385) 4135866,Suite 40,738
739,Bebe,bfromentki@mozilla.com,(704) 2460309,17th Floor,739
740,Thomas,tdrakeleykj@businesswire.com,(430) 7859284,PO Box 85865,740
741,Raymond,rfranchikk@washingtonpost.com,(661) 4955167,Suite 84,741
742,Clarke,cpefferkl@xinhuanet.com,(834) 3700889,Room 1332,742
743,Natal,ncalbrathekm@google.cn,(882) 5741573,Apt 395,743
744,Candie,cpopeleykn@1und1.de,(515) 4836998,Apt 1038,744
745,Carmon,cghirigoriko@hubpages.com,(134) 1014265,Apt 815,745
746,Bogey,bcalamkp@baidu.com,(535) 2198816,15th Floor,746
747,Lennard,lbeezekq@skyrock.com,(194) 1032798,Apt 827,747
748,Ceciley,cfishburnkr@yahoo.co.jp,(366) 6608955,Suite 14,748
749,Granger,gcantyks@tinyurl.com,(279) 3558819,6th Floor,749
750,Aland,abaszkiewiczkt@hao123.com,(485) 5999307,14th Floor,750
751,Lavena,lkornyakovku@hhs.gov,(121) 2516143,Suite 85,751
752,Bird,bnapolitanokv@wired.com,(506) 2753682,8th Floor,752
753,Kenyon,kkwietakkw@cdbaby.com,(503) 5908181,PO Box 35201,753
754,Allys,ablackettkx@youtube.com,(593) 4209687,14th Floor,754
755,Randell,rissakovky@sina.com.cn,(590) 1035152,PO Box 77217,755
756,Jamill,jhaselkz@goodreads.com,(325) 5080973,Room 81,756
757,Moishe,mcarnalll0@g.co,(368) 7090895,Apt 924,757
758,Marlo,mpoulsuml1@scientificamerican.com,(130) 3250207,8th Floor,758
759,Nanci,nbalel2@ca.gov,(303) 8308036,Apt 831,759
760,Leland,ladnel3@amazon.de,(233) 3943580,PO Box 11235,760
761,Giles,gstonehousel4@yelp.com,(343) 3413399,Suite 89,761
762,Hurlee,hknuttonl5@kickstarter.com,(227) 4986832,PO Box 42795,762
763,Marcelo,mtilstonl6@typepad.com,(740) 3392820,7th Floor,763
764,Waverley,wsheehanl7@google.es,(121) 3677702,PO Box 68689,764
765,Conny,ccopperwaitel8@wufoo.com,(298) 7514896,Apt 1197,765
766,Bethina,bphlippil9@marketwatch.com,(738) 6230983,Suite 3,766
767,Beck,bsyriela@nps.gov,(570) 4748049,3rd Floor,767
768,Erasmus,ehitzkelb@indiatimes.com,(557) 6717989,Apt 305,768
769,Loree,lmanasslc@dot.gov,(698) 3191407,Room 349,769
770,Anatollo,aspillerld@squarespace.com,(193) 7220598,Suite 9,770
771,Benedict,bbarbyle@usa.gov,(112) 6269620,Apt 1185,771
772,Gualterio,gpratchettlf@cocolog-nifty.com,(773) 1663820,Apt 1944,772
773,Ronna,rbawmelg@google.cn,(476) 7696695,Suite 29,773
774,Ambrosi,abrokenshawlh@squidoo.com,(670) 2454514,11th Floor,774
775,Ange,abrealeyli@google.pl,(631) 5721571,12th Floor,775
776,Ciro,cbuckelj@behance.net,(284) 6585321,1st Floor,776
777,Addison,awastlinglk@jiathis.com,(636) 8702935,Apt 1777,777
778,Ludvig,lboliverll@cnn.com,(400) 9129679,Suite 74,778
779,Tiebold,tgaleslm@sourceforge.net,(155) 1731219,Apt 1157,779
780,Prentiss,pprangleyln@jimdo.com,(400) 2026813,6th Floor,780
781,Wilden,wwardalelo@reuters.com,(647) 6604824,Room 1632,781
782,Maggee,madellp@bigcartel.com,(627) 2266436,Suite 6,782
783,Fancie,femanuellq@booking.com,(760) 3190141,Room 615,783
784,Anastassia,aropkeslr@slashdot.org,(336) 3733788,Room 647,784
785,Berke,bcinellils@hibu.com,(130) 7496879,16th Floor,785
786,Franciska,fsteinhamlt@instagram.com,(310) 5626654,Apt 1592,786
787,Aurelia,aworcesterlu@timesonline.co.uk,(216) 6331747,Apt 949,787
788,Gerik,ggametlv@google.co.jp,(785) 3965674,PO Box 61292,788
789,Lynn,lgatelw@1und1.de,(507) 5397759,13th Floor,789
790,Abby,akynstonlx@angelfire.com,(895) 2076001,2nd Floor,790
791,Rhoda,rsurphlissly@cloudflare.com,(614) 7733601,Suite 90,791
792,Kristen,kchoakelz@time.com,(513) 7446576,PO Box 29732,792
793,Clark,ccuruclism0@nasa.gov,(895) 8491588,20th Floor,793
794,Mirilla,mnicholsm1@cmu.edu,(444) 8810888,Suite 16,794
795,Dewey,dpibsworthm2@yellowpages.com,(481) 7120624,Apt 549,795
796,Alissa,ablackm3@vk.com,(256) 7916489,3rd Floor,796
797,Gerhard,gdanceym4@cam.ac.uk,(798) 4165930,Suite 15,797
798,Aguste,amccolganm5@va.gov,(690) 4871513,Room 1330,798
799,Clayson,ctracym6@nsw.gov.au,(708) 7350384,7th Floor,799
800,Gordan,gflemingm7@icq.com,(320) 2763466,PO Box 22284,800
801,Siouxie,sdavydochkinm8@booking.com,(679) 1747242,Apt 1966,801
802,Susanetta,spixtonm9@cbslocal.com,(620) 5726909,Room 1852,802
803,Darrin,dlandellma@tripod.com,(651) 5196505,PO Box 12570,803
804,Nicolai,npetrakovmb@360.cn,(549) 4226029,17th Floor,804
805,Maud,mweatherallmc@cbsnews.com,(458) 2877510,Suite 90,805
806,Ninetta,nyulemd@ameblo.jp,(724) 8750291,18th Floor,806
807,Tera,tbruname@independent.co.uk,(248) 9206248,Room 1519,807
808,Paula,phullbrookmf@rediff.com,(839) 7193134,Apt 846,808
809,Nollie,ncastelainmg@msu.edu,(910) 2933007,Room 852,809
810,Jozef,jenstonemh@seesaa.net,(691) 1476198,Room 1701,810
811,Zollie,zbeneteaumi@hao123.com,(491) 6058350,PO Box 21296,811
812,Kaye,kenokssonmj@comsenz.com,(597) 9396383,PO Box 52890,812
813,Cheryl,cbettlesonmk@hc360.com,(683) 5128822,Apt 291,813
814,Alameda,aelderkinml@dot.gov,(314) 9038071,PO Box 83097,814
815,Shana,sprimemm@ftc.gov,(870) 7985961,Apt 103,815
816,Alfredo,ahyndleymn@state.gov,(143) 6831929,Apt 149,816
817,Deb,dminoguemo@weather.com,(823) 1616976,Suite 4,817
818,Tibold,telenmp@forbes.com,(438) 7452403,8th Floor,818
819,Cal,clantaffmq@skyrock.com,(462) 2444607,Room 822,819
820,Adrian,akolushevmr@soundcloud.com,(751) 2509067,Suite 83,820
821,Ronny,randrichakms@lycos.com,(741) 6530118,Apt 1884,821
822,Jorry,jlebelmt@soundcloud.com,(190) 6301589,Apt 1102,822
823,Megan,mmeringtonmu@wordpress.com,(247) 6123559,Room 956,823
824,Leanna,lburfootmv@vk.com,(786) 6278275,PO Box 90607,824
825,Rowney,rbuxeymw@chronoengine.com,(212) 6584325,Suite 17,825
826,Kimbell,kdykinsmx@opensource.org,(220) 3833938,Room 1767,826
827,Giffie,gmilsommy@hostgator.com,(275) 9215702,PO Box 1718,827
828,Magdalene,mharbidgemz@constantcontact.com,(170) 8042755,15th Floor,828
829,Dorella,debornn0@skyrock.com,(512) 1197269,6th Floor,829
830,Leonidas,lbrechinn1@ifeng.com,(502) 1869779,16th Floor,830
831,Yvonne,yfishen2@senate.gov,(675) 9692421,Suite 31,831
832,Joshia,jrouxn3@wufoo.com,(978) 8032697,11th Floor,832
833,Claybourne,crodolfin4@scribd.com,(323) 7615681,PO Box 59606,833
834,Merrill,mmcilherann5@mail.ru,(414) 2433472,PO Box 28214,834
835,Emilee,ebaddown6@scribd.com,(946) 1932014,Suite 96,835
836,Faunie,fkern7@timesonline.co.uk,(308) 9357603,Room 560,836
837,Regan,rclaesensn8@nba.com,(275) 5069035,Suite 3,837
838,Jules,jmacgraghn9@ebay.co.uk,(369) 7785365,11th Floor,838
839,Theresa,tdiablena@ocn.ne.jp,(932) 1594258,Room 1383,839
840,Billye,bmunkleynb@nsw.gov.au,(540) 6590037,Apt 658,840
841,Marchelle,mboskellnc@chron.com,(927) 7226034,Suite 67,841
842,Margaretta,msimenotnd@t-online.de,(705) 9855721,18th Floor,842
843,Gustavo,gvolagene@webmd.com,(693) 9092700,Suite 74,843
844,Charlena,cboullennf@apache.org,(122) 4905826,Apt 1750,844
845,Emmalee,ebothang@imdb.com,(191) 8615009,Suite 23,845
846,Alethea,anicolsonnh@archive.org,(750) 1947622,8th Floor,846
847,Lucille,lhaslehurstni@photobucket.com,(520) 7051661,Suite 78,847
848,Lionello,lbiggamnj@yandex.ru,(164) 5294885,9th Floor,848
849,Fanni,falldisnk@trellian.com,(690) 3078045,Room 198,849
850,Davy,dbartolininl@qq.com,(388) 1027205,3rd Floor,850
851,Chuck,csiehardnm@hubpages.com,(640) 5393420,Room 401,851
852,Alisa,apendletonnn@geocities.com,(988) 9933473,Room 755,852
853,Michele,mgarteryno@google.ru,(859) 9201727,13th Floor,853
854,Bettina,bgooldingnp@usa.gov,(727) 3553716,Suite 77,854
855,Barnard,bkearleynq@smh.com.au,(280) 8416562,Suite 58,855
856,Kimberlyn,kmaffinnr@nasa.gov,(635) 3952664,Suite 23,856
857,Audie,aarmsbyns@behance.net,(321) 4257000,Suite 74,857
858,Reggie,rburleynt@walmart.com,(480) 2018986,PO Box 79029,858
859,Kaitlyn,kjonkenu@163.com,(342) 7521037,Apt 1863,859
860,Dode,dsiemonsnv@naver.com,(429) 6405024,Apt 556,860
861,Luther,lsirlnw@rakuten.co.jp,(521) 4448985,Apt 644,861
862,Katrine,kguardnx@surveymonkey.com,(408) 9077025,Room 1243,862
863,Rosanna,rcorballisny@weebly.com,(934) 4666404,Room 69,863
864,Annetta,alynaghnz@sakura.ne.jp,(106) 3689439,PO Box 66892,864
865,Byrann,bstakero0@exblog.jp,(780) 5501118,Room 202,865
866,Harlen,hfordhamo1@imdb.com,(811) 7860536,4th Floor,866
867,Freddie,flapennao2@wiley.com,(798) 4479245,17th Floor,867
868,Liana,lcanhamo3@va.gov,(944) 1420855,7th Floor,868
869,Saba,scristoforoo4@weather.com,(472) 4469475,Suite 20,869
870,Juli,jbossono5@google.cn,(867) 2697370,4th Floor,870
871,Joanne,jhaesliero6@digg.com,(155) 9387184,Apt 1136,871
872,Evangelia,ekeavyo7@mac.com,(493) 9769362,Room 238,872
873,Nancee,ndawido8@baidu.com,(169) 5837223,Room 1626,873
874,Ivor,icoito9@globo.com,(330) 2665285,Room 1839,874
875,Dallas,dpinnoa@google.fr,(682) 4452072,Suite 17,875
876,Rosemarie,rburfittob@homestead.com,(248) 3277315,Suite 93,876
877,Cyndie,cdottridgeoc@yandex.ru,(923) 8872756,PO Box 80839,877
878,Tris,twigelsworthod@studiopress.com,(662) 9460658,Suite 38,878
879,Odo,oezeleoe@163.com,(720) 2058929,Apt 1059,879
880,Fawne,fboggsof@baidu.com,(869) 4338374,PO Box 39501,880
881,Meghan,mnodesog@nymag.com,(380) 5809805,PO Box 49626,881
882,Tonye,tdorwoodoh@ca.gov,(197) 1851552,Suite 77,882
883,Emmie,elunooi@taobao.com,(652) 1023083,PO Box 51416,883
884,Brnaba,bokaneoj@vk.com,(100) 6001179,Room 164,884
885,Prentice,pelbyok@booking.com,(926) 2017934,16th Floor,885
886,Norry,ngerryol@theglobeandmail.com,(362) 5349698,19th Floor,886
887,Marsiella,mspinelliom@behance.net,(915) 1990294,PO Box 63951,887
888,Karlens,kpatzelton@mac.com,(186) 3871797,Suite 66,888
889,Nicky,ndouchoo@tiny.cc,(410) 1927239,Apt 1989,889
890,Ree,rrosbothamop@domainmarket.com,(812) 7069321,Apt 1105,890
891,Clayton,cprenticeoq@xinhuanet.com,(716) 5941524,Room 1059,891
892,Rafaellle,rforshawor@nba.com,(881) 2511865,Apt 1113,892
893,Barbi,bcordallos@cam.ac.uk,(862) 6591337,8th Floor,893
894,Leonora,lcomberot@senate.gov,(212) 7077586,Apt 406,894
895,Artur,aweakleyou@twitter.com,(809) 5004837,Room 1807,895
896,Pammie,ppulfordov@livejournal.com,(977) 6848258,6th Floor,896
897,Georgi,ggeaterow@abc.net.au,(906) 5018706,Suite 58,897
898,Paula,pshowtox@gov.uk,(229) 3536090,Room 806,898
899,Michaeline,malekseicikoy@ehow.com,(464) 5669991,PO Box 34007,899
900,Murray,mbrotheridgeoz@cocolog-nifty.com,(804) 6753549,PO Box 87219,900
901,Diann,dhopewellp0@umn.edu,(102) 9536220,17th Floor,901
902,Dunstan,didendenp1@hugedomains.com,(845) 9992432,Room 1889,902
903,Guillermo,gtrimmep2@loc.gov,(956) 2428121,PO Box 85968,903
904,Antonie,abrounp3@homestead.com,(493) 6962942,PO Box 17559,904
905,Mano,mawcockp4@1688.com,(788) 7806471,Suite 65,905
906,Chrissie,ckindlep5@typepad.com,(490) 3295057,Room 1403,906
907,Ashby,adrengp6@delicious.com,(387) 6057767,Suite 48,907
908,Natale,norrop7@merriam-webster.com,(596) 3469979,Suite 58,908
909,Orly,ominardp8@github.com,(381) 9309652,15th Floor,909
910,Anatola,aserridgep9@stanford.edu,(904) 8463172,Apt 1015,910
911,Misti,mayllettpa@telegraph.co.uk,(619) 3437531,Suite 66,911
912,Hana,hpallesenpb@histats.com,(335) 6643193,2nd Floor,912
913,Catherin,criddlepc@jigsy.com,(737) 2777411,Room 1602,913
914,Goldi,gaspallpd@omniture.com,(944) 6066073,Suite 47,914
915,Claudia,cgoodlifepe@gnu.org,(710) 6644924,13th Floor,915
916,Wilone,wscarsepf@cnet.com,(998) 6565877,Apt 553,916
917,Darbee,dnorquoypg@dell.com,(242) 4580193,Room 748,917
918,Jone,jwaringph@washington.edu,(698) 6769237,Room 633,918
919,Barnard,bnannonipi@sciencedaily.com,(425) 7121973,Room 533,919
920,Aldric,astariepj@nymag.com,(823) 5345537,Room 1123,920
921,Breena,bsteffanpk@nyu.edu,(323) 3979887,PO Box 43684,921
922,Brunhilde,bcobbledpl@prlog.org,(272) 2657445,Apt 620,922
923,Weber,welsiepm@yolasite.com,(145) 7824098,Suite 17,923
924,De,dwoolvinpn@ft.com,(451) 3619739,PO Box 2216,924
925,Gan,grobardeypo@sina.com.cn,(894) 7057321,Suite 17,925
926,Judd,jbedbroughpp@google.it,(565) 9180972,Suite 62,926
927,Aleta,afootepq@addthis.com,(524) 3192114,3rd Floor,927
928,Sybila,sseakinpr@globo.com,(691) 1240895,PO Box 41912,928
929,Reynold,rlofthouseps@weebly.com,(779) 8179117,6th Floor,929
930,Robbin,rmayspt@furl.net,(355) 7027988,Suite 54,930
931,Gena,gguilletonpu@plala.or.jp,(763) 6712844,Apt 983,931
932,Monti,mzamorapv@dmoz.org,(426) 7778350,Suite 27,932
933,Simon,stantonpw@photobucket.com,(713) 9024358,Apt 92,933
934,Ursala,utadmanpx@mlb.com,(448) 9632756,Suite 44,934
935,Brigg,btrudepy@slideshare.net,(441) 3724364,Room 1892,935
936,Cathee,cwormspz@sfgate.com,(902) 4692919,Apt 776,936
937,Clemence,cbazelleq0@sun.com,(430) 9774738,Suite 8,937
938,Red,rhritzkoq1@google.ru,(763) 9418269,14th Floor,938
939,Gusty,gpimlockq2@flavors.me,(794) 4415944,4th Floor,939
940,Victoria,votoweyq3@webs.com,(479) 3804572,Suite 51,940
941,Yoko,ybiasioq4@issuu.com,(957) 9760188,Suite 41,941
942,Tannie,tropeq5@psu.edu,(892) 8911818,Apt 384,942
943,Elwira,embarronq6@amazon.co.uk,(309) 7524862,Apt 1800,943
944,Omar,omcniffq7@patch.com,(592) 2852939,Suite 32,944
945,Gavin,ghorsburghq8@apache.org,(446) 8137455,Apt 1536,945
946,Torrey,tmilleyq9@apache.org,(774) 6577497,Apt 947,946
947,Demetre,dfishleeqa@accuweather.com,(718) 5749394,4th Floor,947
948,Sibel,sphelpsqb@desdev.cn,(545) 5475363,Apt 1242,948
949,Bronny,bpattyqc@php.net,(544) 9573710,Apt 518,949
950,Umeko,ucheneyqd@abc.net.au,(545) 7436717,Suite 2,950
951,Denney,dalgeoqe@histats.com,(160) 5007070,Room 123,951
952,Beverlee,barrighettiqf@qq.com,(724) 7850868,Room 191,952
953,Sarene,shankardqg@ucoz.com,(136) 1525976,Room 991,953
954,Emanuele,ejellybrandqh@amazon.co.uk,(513) 8189245,18th Floor,954
955,Rosella,rguilaynqi@dagondesign.com,(532) 4297400,PO Box 20819,955
956,Marney,mmourgueqj@accuweather.com,(596) 2826280,PO Box 94498,956
957,Farly,fsarsonqk@newsvine.com,(299) 4835928,Room 2,957
958,Vachel,vskirrowql@vistaprint.com,(946) 2958876,Room 39,958
959,Mozes,mcestardqm@example.com,(889) 8551163,5th Floor,959
960,Elnar,egoldeqn@reference.com,(409) 6445104,Suite 69,960
961,Bax,bbrunigesqo@digg.com,(141) 8707410,Apt 1070,961
962,Shirley,slegalleqp@stanford.edu,(768) 1027833,15th Floor,962
963,Elmer,ecripwellqq@hibu.com,(748) 8794951,PO Box 2640,963
964,Vina,venstenqr@ebay.com,(358) 4419948,Apt 1613,964
965,Janeczka,jommanneyqs@etsy.com,(993) 6308271,Apt 947,965
966,Jeffie,jdrescherqt@home.pl,(263) 5691528,Suite 89,966
967,Granville,gdominiciqu@imdb.com,(790) 5725979,Apt 1566,967
968,Brant,bbookqv@cdc.gov,(806) 5451111,PO Box 96976,968
969,Jacinthe,jserrurierqw@chron.com,(340) 2437464,Room 1013,969
970,Reese,rhousecroftqx@exblog.jp,(315) 5916291,Room 1420,970
971,Alanson,apashqy@geocities.com,(759) 1787978,Room 1439,971
972,Trudi,tblankauqz@miitbeian.gov.cn,(643) 1667863,Room 1392,972
973,Dame,dgersamr0@noaa.gov,(701) 7216785,Room 966,973
974,Kessia,kpembryr1@shop-pro.jp,(541) 3535811,Suite 93,974
975,Georgina,garmsdenr2@godaddy.com,(514) 7293624,13th Floor,975
976,Romain,reveringtonr3@arstechnica.com,(640) 2168544,Apt 948,976
977,Henrietta,hvanichkovr4@blogtalkradio.com,(953) 5670229,Room 1868,977
978,Ardelia,adonnellr5@discuz.net,(995) 7000710,Suite 71,978
979,Debbie,dcarlessr6@mozilla.org,(188) 8641338,7th Floor,979
980,Dar,dhamsherer7@elpais.com,(312) 2543959,PO Box 66483,980
981,Bendick,bwillicottr8@seesaa.net,(544) 3602749,17th Floor,981
982,Niles,nfrankcomr9@webmd.com,(384) 5407354,PO Box 82793,982
983,Tommy,ttimmesra@123-reg.co.uk,(168) 5078350,Suite 80,983
984,Mendie,mjoronrb@berkeley.edu,(715) 5746181,Suite 44,984
985,Dieter,dblankorc@nydailynews.com,(259) 4350663,Suite 32,985
986,Rosemary,rclayerd@goo.gl,(896) 1028464,Suite 43,986
987,Marice,mbavidgere@census.gov,(154) 2958417,Suite 43,987
988,Bondie,bdiessrf@uiuc.edu,(357) 1506117,Apt 1770,988
989,Meg,msuggittrg@w3.org,(175) 5664569,PO Box 81667,989
990,Gates,gbownesrh@forbes.com,(410) 9629790,Room 16,990
991,Rafael,rmalyanri@google.de,(464) 3144606,Room 163,991
992,Erv,eseilerrj@yelp.com,(923) 2165527,PO Box 29739,992
993,Flss,fsislandrk@vistaprint.com,(632) 7798914,Suite 62,993
994,Daria,dbewlayrl@skyrock.com,(592) 9899595,Room 1608,994
995,Marisa,myakubovichrm@smh.com.au,(241) 7422533,PO Box 54720,995
996,Saleem,scaldronirn@nih.gov,(693) 9303691,Apt 142,996
997,Dyan,dmulmurayro@yelp.com,(281) 9417061,PO Box 99791,997
998,Dwight,dpaperp@google.com.br,(643) 3934139,PO Box 15249,998
999,Camel,cburgumrq@uol.com.br,(973) 1791362,Apt 1935,999
1000,Carrol,cbrannorr@blogspot.com,(394) 9293700,Suite 60,1000
