id,first_name,last_name,Delivery date,tracking_id,tracking_info
1,Melany,Haugh,7/21/2022,65756,Delivered
2,Fanechka,Torregiani,02-07-23,49441,Transit
3,Brande,Fleisch,12-01-22,53181,
4,Kikelia,Fores,7/31/2022,33733,
5,Norman,Vondra,04-10-22,37348,
6,Junette,Dyne,10/15/2022,12976,
7,Creigh,Episcopio,6/28/2022,45097,
8,Noel,Paydon,06-03-22,26478,
9,Ashbey,Greatreax,1/31/2023,53425,
10,Maggee,McTeer,12/20/2022,90021,
11,Vanna,Impett,5/15/2022,46788,
12,Alyce,Peirpoint,1/26/2023,98501,
13,Marty,Frankes,07-02-22,33817,
14,Pip,Jeanon,02-10-22,67613,
15,Tabor,Carress,8/19/2022,74745,
16,Orlando,Follen,3/30/2022,78496,
17,Harli,Wilshere,2/14/2022,46470,
18,Alejoa,Ughetti,11/28/2022,64148,
19,Inger,Letchford,05-05-22,57504,
20,Harbert,Cokely,10-11-22,27893,
21,Ingeberg,Giovannazzi,9/28/2022,54324,
22,Somerset,Shepcutt,5/18/2022,15945,
23,Flory,Shirer,5/25/2022,49796,
24,Dannye,Kinkade,10-12-22,34996,
25,Karisa,Tromans,08-06-22,35873,
26,Antonella,Plait,11/29/2022,51477,
27,Bryanty,Braune,11/15/2022,31189,
28,Carolina,Tunsley,6/20/2022,71075,
29,Rosemonde,Hun,07-03-22,11443,
30,Natale,Tulk,3/20/2022,99833,
31,Stefanie,Perrett,09-05-22,66791,
32,Lyn,Hitcham,12/14/2022,57218,
33,Donnie,Bazoge,3/22/2022,70431,
34,Milli,Wrightim,10/25/2022,76469,
35,Consuelo,Lishmund,09-07-22,15399,
36,Donni,Saulter,06-07-22,15776,
37,Nicoline,Ricco,9/28/2022,65381,
38,Kora,Hassent,1/24/2023,21259,
39,Sawyer,Maskell,3/21/2022,78346,
40,Vannie,Towndrow,05-12-22,16604,
41,Alastair,Riche,11-06-22,80960,
42,Kelcie,Miche,11-11-22,42587,
43,Cozmo,Doubrava,5/27/2022,81040,
44,Gert,Bunclark,01-04-23,64484,
45,Martyn,Hacquard,1/23/2023,18235,
46,Urban,Goolden,5/18/2022,25834,
47,Trescha,Pash,5/22/2022,29736,
48,Hale,Skerman,6/15/2022,70456,
49,Job,Brownstein,06-09-22,33546,
50,Halie,Minors,6/15/2022,48387,
51,Kile,Rutherforth,12-02-22,63790,
52,Raleigh,Dearell,6/27/2022,72107,
53,Etty,Getcliffe,7/31/2022,15017,
54,Goldarina,Penning,1/19/2023,35086,
55,Maury,MacLese,11-05-22,87118,
56,Julia,Kytley,4/25/2022,44326,
57,Dina,Clement,09-10-22,14374,
58,Krissy,Jarrad,03-07-22,72942,
59,Susann,Germain,02-07-23,17120,
60,Gordan,Bicksteth,09-08-22,28770,
61,Aloysius,Kerslake,10/23/2022,27855,
62,Bunni,Walkington,06-05-22,16956,
63,Taryn,Klesel,04-12-22,90423,
64,Drusie,Halsho,12/22/2022,93145,
65,Clareta,Catlow,12/27/2022,30044,
66,Mischa,Kondratenya,5/25/2022,69604,
67,Robin,Helstrip,1/16/2023,61789,
68,Jeane,Spaxman,02-02-23,66564,
69,Kirby,Corn,12/19/2022,66079,
70,Minor,Ostick,11/24/2022,24739,
71,Rochella,Aveling,12-12-22,74838,
72,Edyth,Fowler,12/27/2022,18000,
73,Norris,Hindge,9/13/2022,28257,
74,Bank,Cake,01-06-23,37834,
75,Lonnard,Kiggel,7/17/2022,69520,
76,Karalee,Tassaker,1/18/2023,66854,
77,Eldridge,Dickin,09-09-22,31161,
78,Berti,Marde,12-12-22,23621,
79,Sosanna,Mosconi,4/28/2022,53580,
80,Borden,Foister,5/23/2022,97021,
81,Miquela,Werrit,04-01-22,27559,
82,Valentine,Kalisch,08-03-22,13291,
83,Jareb,Rapp,07-01-22,96425,
84,Jeromy,Hillhouse,7/24/2022,37003,
85,Sean,Braim,9/13/2022,44840,
86,Kermie,Ewells,09-01-22,31164,
87,Mortie,Bromehed,01-01-23,84850,
88,Scotti,Benoy,11/21/2022,82950,
89,Olin,Klebes,01-11-23,85381,
90,Etta,Arkley,9/18/2022,14138,
91,Demetri,Phittiplace,12-06-22,54563,
92,Emmy,Hrycek,1/19/2023,86446,
93,Bowie,Wison,6/25/2022,82155,
94,Wallas,Trayling,9/15/2022,49580,
95,Lila,Minney,2/24/2022,67931,
96,Si,Gritton,6/30/2022,91874,
97,Robin,Remmers,2/23/2022,77522,
98,Winnifred,Giovanardi,3/15/2022,17529,
99,Bruis,Littlefield,4/21/2022,83412,
100,Darsie,Walklott,7/23/2022,82152,
101,Thomasa,Burke,01-10-23,97085,
102,Sybyl,Turk,11/29/2022,45462,
103,Una,McKeachie,06-10-22,36188,
104,Munroe,Edards,06-02-22,40006,
105,Esdras,Cyseley,01-04-23,68035,
106,Hakim,Jakoubec,08-10-22,30598,
107,Clarabelle,Tallet,02-02-23,73348,
108,Gussy,Pattison,12/22/2022,15616,
109,Luisa,Clemmett,6/29/2022,66671,
110,Rooney,MacChaell,6/14/2022,35980,
111,Igor,Edelheit,12-09-22,49219,
112,Minne,Thiolier,03-07-22,86307,
113,Dexter,Boake,7/25/2022,88637,
114,Raye,Josh,09-05-22,23658,
115,Maible,Werrilow,06-03-22,72400,
116,Isiahi,Burk,8/27/2022,13325,
117,Phylis,Dugdale,05-09-22,19456,
118,Clyde,Stickley,9/26/2022,15500,
119,Jewel,Freeburn,12/23/2022,30004,
120,Joleen,Cassimer,06-10-22,59983,
121,Tallie,Isaq,2/25/2022,83725,
122,Vivyanne,Beckinsale,10/26/2022,74642,
123,Sax,Bedle,8/23/2022,49509,
124,Simeon,Fortey,1/24/2023,42858,
125,Alyse,Yurkiewicz,9/14/2022,21251,
126,Bronnie,Noads,6/29/2022,63655,
127,Antons,Fransseni,09-10-22,73926,
128,Dore,Gilyatt,09-12-22,91533,
129,Kennie,Marriage,11/13/2022,13564,
130,Glenn,Kopps,10-11-22,62605,
131,Marylee,Roseman,9/16/2022,49593,
132,Ashly,Bellefonte,4/29/2022,79925,
133,Gun,Leavold,08-01-22,20749,
134,Ludwig,Mandy,6/30/2022,59734,
135,Jere,Ghilks,8/21/2022,49361,
136,Bran,Tissell,03-10-22,95587,
137,Lou,Ondrousek,10/24/2022,52566,
138,Aloysius,Sewter,08-01-22,90127,
139,Brewer,Antram,4/18/2022,26593,
140,Bibby,Moorwood,07-08-22,55636,
141,Aubrie,Mobbs,05-12-22,39764,
142,Leoine,Hilbourne,3/14/2022,71239,
143,Lynda,Bearcock,9/25/2022,70082,
144,Nero,Emerson,7/15/2022,85249,
145,Clevie,Burbidge,2/25/2022,72619,
146,Brynne,Wraxall,10/16/2022,12709,
147,Ax,Cuppleditch,03-06-22,14965,
148,Belicia,Hewell,01-07-23,85320,
149,Claudette,Skpsey,03-04-22,68145,
150,Lia,Bate,4/17/2022,47918,
151,Ber,Stenyng,12/18/2022,55114,
152,Syd,Ghiron,09-08-22,66736,
153,Elysee,Giovani,12-05-22,72880,
154,Saidee,Clemensen,9/15/2022,53285,
155,Elsworth,Dalgarno,10/28/2022,16338,
156,Heda,Martinetto,04-11-22,75487,
157,Madella,Casier,10-06-22,39537,
158,Nickolai,Philcock,12/26/2022,13765,
159,Axel,Marlow,12/23/2022,97163,
160,Gennifer,Legate,4/20/2022,32510,
161,Siusan,Eakens,04-07-22,44872,
162,Shirl,Strethill,12-01-22,50302,
163,Demetris,Gaiter,12/28/2022,24254,
164,Konstantine,Yockney,02-09-22,81521,
165,Tate,Francescozzi,12-07-22,92540,
166,Maggie,Haith,12-04-22,38343,
167,Eydie,Rielly,5/19/2022,47077,
168,Karleen,Crosi,6/15/2022,98685,
169,Ronald,Bumpas,05-10-22,58839,
170,Yankee,Polglase,9/25/2022,11240,
171,Falito,Philbin,12-12-22,40612,
172,Linnea,Chavey,6/29/2022,31722,
173,Foster,Olivo,4/22/2022,79161,
174,Natividad,Macenzy,5/25/2022,84014,
175,Marin,Henric,04-06-22,99480,
176,Fenelia,Lightwood,10-12-22,59283,
177,Cindi,Doust,8/22/2022,10073,
178,Hobard,Heald,03-04-22,73294,
179,Aloin,Triplet,10-01-22,31573,
180,Elva,Dunthorn,9/30/2022,60752,
181,Bettine,Gascoigne,04-08-22,64071,
182,Horton,Artis,1/25/2023,87448,
183,Cherri,Uebel,01-06-23,24496,
184,Padget,Consadine,10/17/2022,68378,
185,Frankie,Riha,8/29/2022,97965,
186,Maurise,Espley,7/18/2022,61445,
187,Theresita,Mertsching,04-07-22,65251,
188,Odelinda,Shirtliff,10/20/2022,78355,
189,Walden,Gingold,6/24/2022,19076,
190,Elfie,Simonds,12/18/2022,45972,
191,Madlen,Rosettini,09-08-22,71949,
192,Maxie,Beamish,9/27/2022,44058,
193,Justin,Prestige,8/17/2022,80358,
194,Bethanne,MacAulay,10/22/2022,71749,
195,Orlando,Vian,4/28/2022,51516,
196,Tobie,Torbard,3/17/2022,93886,
197,Christel,Doorly,07-10-22,77054,
198,Daniele,Heare,12/16/2022,92478,
199,Graham,Jewitt,10-12-22,64686,
200,Shae,Luthwood,11-11-22,58237,
201,Betti,Storm,10-07-22,17306,
202,Carroll,Bawden,9/14/2022,46746,
203,Gretal,Shepherd,03-02-22,59955,
204,Sibylle,Stollmeyer,10-02-22,77965,
205,Aliza,People,7/13/2022,94561,
206,Geordie,Rootes,02-06-23,36549,
207,Faythe,Woolaston,08-11-22,85583,
208,Malina,Snasdell,3/23/2022,95624,
209,Bentley,Locker,1/22/2023,22605,
210,Nils,Keppin,03-06-22,67765,
211,Giffie,Gommowe,11-01-22,44813,
212,Benedikta,Olford,12-01-22,19712,
213,Tobie,Cavil,07-09-22,53625,
214,Eudora,Elegood,11-10-22,26184,
215,Major,Strangeways,2/16/2022,26583,
216,Alphard,Norville,05-05-22,89690,
217,Ray,Finey,5/30/2022,20335,
218,Temple,Durant,8/25/2022,17846,
219,Celia,Wims,8/14/2022,89139,
220,Elianora,Chipchase,2/17/2022,99757,
221,Vassily,Battie,01-01-23,24806,
222,Leonard,Cuff,11-05-22,42469,
223,Maurene,Oxbe,7/14/2022,98942,
224,Gery,Beckenham,02-11-22,62499,
225,Dominga,Carradice,4/20/2022,64193,
226,Lesli,Fratczak,04-06-22,99234,
227,Phyllida,Seaborne,02-12-22,64057,
228,Gerty,Mallya,03-09-22,16432,
229,Kennith,Shurrocks,10/19/2022,46557,
230,Zacharias,Megainey,08-07-22,33483,
231,Merrily,Moorerud,12/26/2022,24798,
232,Gary,Strangwood,2/18/2022,61103,
233,Bethena,Skae,2/25/2022,67356,
234,Nessa,Sclanders,5/27/2022,30517,
235,Isa,Coonan,8/20/2022,10468,
236,Gilly,Shipston,03-06-22,72073,
237,Sansone,MacIver,03-07-22,45695,
238,Dean,Evemy,06-01-22,32267,
239,Ignacio,Di Lucia,10/22/2022,31616,
240,Raddy,Godlip,3/18/2022,66630,
241,Ailee,Quig,5/21/2022,54549,
242,Caleb,Griffen,05-01-22,13138,
243,Osborn,Carlile,12-02-22,75722,
244,Mateo,Stigers,11-03-22,98253,
245,Raimundo,Douche,07-06-22,38484,
246,Redford,Von Helmholtz,9/13/2022,31781,
247,Rora,O'Shevlan,10/16/2022,62906,
248,Ivory,Adney,5/22/2022,67017,
249,Cleo,Abbate,01-06-23,23748,
250,Starlin,Baselio,2/24/2022,31752,
251,Gabrila,Pleass,12/16/2022,52703,
252,Klarrisa,Channon,07-09-22,28311,
253,Carmine,Lumpkin,11-07-22,76720,
254,Gustaf,Chalice,11-12-22,55121,
255,Joya,Gantlett,2/14/2022,65016,
256,Ignacio,Randalston,2/13/2022,32573,
257,Tracy,Ahlin,3/26/2022,89391,
258,Jacynth,Edward,06-04-22,23034,
259,Verena,Routh,9/15/2022,19651,
260,Nora,Pfaffe,9/18/2022,21664,
261,Tristan,le Keux,11/21/2022,74510,
262,Ferrell,Skaife,5/18/2022,92949,
263,Polly,Ibbeson,7/28/2022,82547,
264,Ingemar,Dowden,5/31/2022,78299,
265,Nerte,Fishbourn,8/16/2022,67916,
266,Allix,Buick,06-04-22,41846,
267,Ana,Allender,11/30/2022,81958,
268,Steven,de Pinna,06-05-22,75263,
269,Nesta,Dovinson,1/17/2023,45625,
270,Letta,Wilne,1/19/2023,89396,
271,Easter,Schimke,10/30/2022,89234,
272,Josie,Fardy,08-03-22,55454,
273,Jana,Kenningham,3/25/2022,22255,
274,Janie,Colles,06-12-22,65802,
275,Delila,Yurukhin,9/27/2022,93397,
276,Bambi,Guerrin,03-05-22,38876,
277,Lotty,Dennington,04-11-22,77405,
278,Iolande,Lukehurst,8/30/2022,98929,
279,Lynnea,Ivanishev,05-07-22,37406,
280,Ebenezer,Piborn,8/25/2022,98002,
281,Worden,Witherbed,09-11-22,15277,
282,Jayson,O'Monahan,06-03-22,42260,
283,Dareen,Van Zon,1/16/2023,90087,
284,Esdras,Bradane,12-02-22,50081,
285,Dallis,MacDowall,11/29/2022,95941,
286,Abramo,Claypool,1/16/2023,22845,
287,Amelie,Coetzee,04-05-22,26771,
288,Kayle,Mellanby,3/13/2022,55224,
289,Stefanie,Boughtflower,1/19/2023,88267,
290,Dwayne,Romao,5/19/2022,31460,
291,Heather,Langrish,1/24/2023,66328,
292,Allin,Betteridge,5/17/2022,11245,
293,Trace,Smithend,12-10-22,65361,
294,Malia,Thebe,08-06-22,70362,
295,Jessi,Valero,10-10-22,11614,
296,Gabriell,Boffin,9/30/2022,26040,
297,Duffie,Habbes,11-10-22,11818,
298,Katherina,Handslip,01-09-23,71681,
299,Esmeralda,Braunds,06-09-22,86072,
300,Robenia,Cobello,12-02-22,12048,
301,Alberto,Woolston,11-05-22,42972,
302,Zeb,Jakeman,4/23/2022,20777,
303,Daisi,Gudgin,9/28/2022,36395,
304,Debra,Ewdale,4/23/2022,10117,
305,Shoshanna,Jindacek,03-04-22,88594,
306,Agnese,Beevor,03-03-22,24719,
307,Vance,Cowitz,04-11-22,65035,
308,Drugi,Minty,3/17/2022,48590,
309,York,Strachan,8/26/2022,69114,
310,Kyle,Berryann,8/28/2022,10073,
311,Hailee,Giacubbo,09-05-22,57442,
312,Justen,Chatwin,06-05-22,59700,
313,Arly,Chidley,03-10-22,68138,
314,Chris,Lindstedt,4/17/2022,48340,
315,Curcio,Kingswood,5/31/2022,66305,
316,Mervin,Balwin,5/22/2022,93366,
317,Tilda,Echlin,05-03-22,37449,
318,Bernadene,Points,6/21/2022,71871,
319,Celie,Tellenbrook,11/18/2022,87495,
320,Cristionna,Grisbrook,1/15/2023,74291,
321,Mariquilla,Jeandeau,8/27/2022,61696,
322,Storm,Westall,08-11-22,33651,
323,Perceval,Fylan,11/17/2022,14543,
324,Lauraine,Brownstein,06-04-22,15449,
325,Hilary,Perree,03-09-22,39354,
326,Josey,Wartnaby,9/20/2022,89822,
327,Aubrey,Braund,01-03-23,47478,
328,Kassie,Baden,10/26/2022,37508,
329,Torie,Matussov,11/21/2022,81773,
330,Artie,Akaster,2/28/2022,76356,
331,Rolland,Holworth,5/20/2022,60047,
332,Saraann,Bolens,10/26/2022,62974,
333,Marlo,Caghy,3/28/2022,47708,
334,Genia,Gregine,4/27/2022,82591,
335,Karena,Creane,1/27/2023,85548,
336,Elmo,Latan,7/26/2022,88586,
337,Ward,Kennford,8/15/2022,99413,
338,Beryl,Zammitt,3/15/2022,41737,
339,Nananne,Corselles,02-06-23,76841,
340,Jonas,Coy,10-09-22,17596,
341,Sheelagh,Bingell,3/27/2022,87809,
342,Ediva,Mozzetti,7/30/2022,18244,
343,Toni,Gurery,6/24/2022,37384,
344,Janaye,Corbishley,2/14/2022,66675,
345,Lucky,Pepineaux,9/20/2022,76261,
346,Rani,Portugal,04-07-22,71135,
347,Constance,Eldredge,5/17/2022,61973,
348,Johnna,Neller,03-06-22,80819,
349,Phyllys,Swanne,04-10-22,74267,
350,Ange,Kosel,7/28/2022,67028,
351,Jenine,Cassels,11/15/2022,50648,
352,Charmain,Arkow,11/18/2022,32326,
353,Ryann,Denacamp,4/18/2022,66755,
354,Heinrik,Newns,07-04-22,67723,
355,Juli,De Pero,11-04-22,63627,
356,Mureil,Pinshon,11/29/2022,63097,
357,Sonny,Kondratyuk,8/27/2022,15666,
358,Lissy,Bentham,11-12-22,19393,
359,Lloyd,Karel,06-01-22,84711,
360,Sonja,Tulleth,11-06-22,83276,
361,Emmey,Latour,08-01-22,47018,
362,Lucian,O'Driscole,12/17/2022,50127,
363,Joshua,Featherstonehaugh,10/20/2022,18918,
364,Hephzibah,Pettus,10/29/2022,10520,
365,Arlan,Gaule,07-08-22,29572,
366,Kassie,Baldelli,3/14/2022,86038,
367,Laurie,Hamson,01-07-23,28767,
368,Sid,Normand,11-08-22,33860,
369,Bengt,Vanyukov,6/23/2022,54951,
370,Dyna,Fattori,8/25/2022,32676,
371,Geraldine,Garlicke,07-12-22,99364,
372,Halsey,Phetteplace,5/17/2022,20484,
373,Reginald,Lowten,10/15/2022,87357,
374,Dean,Trewhella,3/24/2022,28861,
375,Hy,Gander,3/26/2022,31131,
376,Zerk,Fleote,11-05-22,99101,
377,Nikkie,Ead,4/22/2022,30899,
378,Angie,Virgoe,11/13/2022,34463,
379,Dulce,Joret,03-11-22,45676,
380,Blaire,Faldo,7/29/2022,73495,
381,Norri,Gutridge,8/21/2022,51164,
382,Nananne,Kingsly,10/22/2022,37659,
383,Michelina,Valentim,12/23/2022,48168,
384,Eldon,Mendez,6/14/2022,84768,
385,Matelda,Layus,12/17/2022,45346,
386,Aloysius,Huston,08-10-22,48713,
387,Geoffry,Rickertsen,6/26/2022,40913,
388,Ephrem,Fomichyov,11/21/2022,50196,
389,Valeria,Bethune,4/15/2022,28655,
390,Avictor,Padly,7/14/2022,31824,
391,Allianora,Skade,09-09-22,92518,
392,Fielding,Goom,4/16/2022,16010,
393,Christine,Corr,05-12-22,30841,
394,Elbertine,Klima,09-09-22,75056,
395,Lindy,Blance,11/17/2022,62715,
396,Melisandra,Mullaly,3/19/2022,29909,
397,Kriste,Sidlow,06-12-22,17898,
398,Annamaria,Lamberts,9/25/2022,79329,
399,Petronille,Hagger,09-01-22,54508,
400,Haywood,Leguey,1/26/2023,93292,
401,Vaclav,Cush,2/16/2022,25753,
402,Lorenzo,Legister,08-10-22,65254,
403,Nissy,Ivushkin,5/31/2022,78211,
404,Nerty,Vigors,2/19/2022,48490,
405,Corliss,Bath,7/28/2022,40826,
406,Yorke,Strickett,12/13/2022,40829,
407,Bettine,Brisley,1/25/2023,90167,
408,Rem,Delamere,11/15/2022,11111,
409,Chadwick,Alyokhin,09-06-22,99593,
410,Prinz,Alsobrook,8/16/2022,38504,
411,Alexine,Bysaker,4/29/2022,90534,
412,Paddy,Murden,03-05-22,31476,
413,Barnie,Arney,12/23/2022,83089,
414,Durward,Wilshaw,01-05-23,30480,
415,Raquela,Casson,4/17/2022,81076,
416,Krissie,Warkup,9/29/2022,38875,
417,Dasie,Cushion,09-03-22,65691,
418,Rebbecca,Cleal,07-08-22,42969,
419,Erny,Frays,12/13/2022,53204,
420,Lyssa,Antonetti,01-10-23,46769,
421,Sig,Bletcher,6/28/2022,98689,
422,Cinderella,Kersley,1/23/2023,18039,
423,Ab,Calrow,10-09-22,15792,
424,Carmencita,Braune,02-02-23,26564,
425,Gene,Swinfon,11/21/2022,31685,
426,Evan,Goodley,4/24/2022,75887,
427,Freemon,Pitsall,9/28/2022,93283,
428,Chane,Simoens,07-10-22,16933,
429,Zea,Garnham,04-11-22,99498,
430,Binny,Pensom,4/24/2022,37176,
431,Alyda,Wesgate,05-07-22,90327,
432,Sancho,Cudworth,12/25/2022,77597,
433,Merrile,Moar,11-08-22,76566,
434,Madelin,Thames,09-08-22,10669,
435,Tova,Linnitt,10/23/2022,82074,
436,Mignon,Genny,01-10-23,20400,
437,Gilbertina,O'Doireidh,1/21/2023,72380,
438,Major,Brunsden,6/23/2022,67938,
439,Cliff,Dendle,08-09-22,43495,
440,Hilliard,Donaghy,03-07-22,49711,
441,Yuma,Revie,7/21/2022,24613,
442,Heinrik,Ganley,7/22/2022,92586,
443,Abbie,Rentenbeck,04-06-22,38922,
444,Oralie,Andersen,11/15/2022,82442,
445,Jayme,Puttan,7/28/2022,91960,
446,Tracie,Kezourec,06-09-22,18292,
447,Marney,Caddell,5/19/2022,53276,
448,Willem,Youde,11-12-22,96224,
449,Gweneth,Baddow,9/21/2022,42046,
450,Mateo,Garoghan,9/22/2022,60141,
451,Wainwright,MacParlan,03-03-22,11271,
452,Kiley,Gow,11/27/2022,12198,
453,Dasie,Mugleston,3/31/2022,56047,
454,Benjy,Clayborn,4/18/2022,73473,
455,Dante,Musla,1/30/2023,17626,
456,Hanna,Toal,5/22/2022,81529,
457,Prudence,Frenzl,07-12-22,95925,
458,Kale,Geerdts,4/18/2022,83816,
459,Antonino,Gladstone,11/27/2022,45485,
460,Pierrette,Patmore,02-11-22,44341,
461,Virgina,Duhig,11/22/2022,23331,
462,Agathe,Jury,01-10-23,47715,
463,Shanie,Winmill,9/27/2022,99183,
464,Fidela,MacLleese,03-09-22,54158,
465,Vilma,Lembcke,11-10-22,94879,
466,Arlene,Ranyard,9/14/2022,43845,
467,Melanie,Redman,4/28/2022,19266,
468,Niki,Fleckness,06-12-22,36157,
469,Maryellen,Tick,06-11-22,33366,
470,Carlynne,Doucette,06-12-22,92380,
471,Marcie,Shillabeer,07-02-22,85590,
472,Addy,Attwoul,09-12-22,10908,
473,Jessie,Tabourier,05-08-22,38973,
474,Nikolai,Pavolillo,12/27/2022,79718,
475,Alistair,McCleverty,12-05-22,21818,
476,Barnebas,Matiewe,05-03-22,20714,
477,Roselin,Dimelow,01-06-23,94418,
478,Verena,Petigrew,9/14/2022,43125,
479,Mikael,Pirdue,04-01-22,58028,
480,Brantley,Cote,2/20/2022,61075,
481,Kalindi,Cumberland,10/20/2022,25294,
482,Nancy,Wace,6/23/2022,21851,
483,Renata,Snoddy,08-08-22,27740,
484,Annora,Mamwell,08-01-22,47052,
485,Sansone,Kahane,3/17/2022,11000,
486,Clerissa,Robet,07-12-22,59861,
487,Dyanna,Coward,12/30/2022,97989,
488,Frederick,Whiston,12-03-22,53984,
489,Elke,Kirrens,4/27/2022,14210,
490,Laurent,Glison,07-02-22,68507,
491,Rennie,Doy,4/23/2022,97988,
492,Papageno,MacFadden,03-12-22,53847,
493,Lane,Crimin,11-11-22,67250,
494,Hiram,Danzig,11-04-22,35368,
495,Consalve,Mac Giolla Pheadair,2/26/2022,25379,
496,Glenn,Lautie,3/21/2022,32108,
497,Tommi,MacGettigen,12/13/2022,44202,
498,Amabelle,Glencros,12/26/2022,95223,
499,Laural,Gillbe,8/24/2022,71305,
500,Rosco,Powlesland,7/24/2022,43917,
501,Lesley,Biskupek,03-01-22,93450,
502,Belita,Curling,6/20/2022,98287,
503,Jeremy,Boullin,04-05-22,84371,
504,Benny,Peile,3/30/2022,66868,
505,Cathyleen,Rubinchik,6/20/2022,83871,
506,Jenny,Duval,6/22/2022,69243,
507,Carson,Harvison,4/30/2022,35481,
508,Lonee,Pray,3/27/2022,18195,
509,Gwynne,Swyndley,05-08-22,25649,
510,Luce,Brocklesby,11-07-22,69039,
511,Charlie,Crosskell,12-02-22,54694,
512,Winfred,Maddison,08-09-22,58855,
513,Bethena,Dunbleton,4/18/2022,87799,
514,Sebastiano,James,8/13/2022,25476,
515,Gizela,Latey,03-09-22,39915,
516,Samara,Taysbil,11/26/2022,23365,
517,Shayna,Meredith,11/15/2022,45474,
518,Ernesta,Francescone,4/28/2022,21713,
519,Currie,Hickeringill,02-02-23,20424,
520,Daffi,Heinel,12/28/2022,71654,
521,Andre,Glazebrook,9/20/2022,16559,
522,Tracey,Brydone,07-01-22,82577,
523,Wolfie,Withrop,7/19/2022,14281,
524,Miltie,Lambarth,1/25/2023,72142,
525,Brucie,Brooker,2/14/2022,42866,
526,Angelika,Bellison,9/26/2022,44010,
527,Kennett,Iskower,3/14/2022,26308,
528,Margaret,McDiarmid,09-11-22,40475,
529,Adria,Creamer,9/24/2022,28193,
530,Bambi,Denniston,9/22/2022,94148,
531,Sapphire,Schimonek,05-10-22,69858,
532,Xaviera,Slinn,08-01-22,13953,
533,Abagael,Doll,7/31/2022,71166,
534,Klaus,Ingray,1/20/2023,72757,
535,Gertie,Arstall,12/25/2022,93554,
536,Maurie,O'Doghesty,02-08-22,14644,
537,Purcell,Richardson,7/31/2022,83881,
538,Florentia,Pocknell,8/31/2022,93243,
539,Sterling,Versey,12/25/2022,26095,
540,Tan,Paxton,01-01-23,99946,
541,Falkner,Le Marquand,2/18/2022,45444,
542,Salvatore,Linton,10/18/2022,41693,
543,Ethan,Masterton,02-03-23,15528,
544,Gelya,Farncomb,09-06-22,34141,
545,Sarina,Heinemann,5/30/2022,80486,
546,Bran,Renhard,11/25/2022,26596,
547,Quintus,Gorst,3/25/2022,84519,
548,Viv,Blockley,2/13/2022,72256,
549,Carroll,Wyse,6/21/2022,91869,
550,Xerxes,Southworth,07-12-22,85415,
551,Maynard,Limon,04-10-22,34581,
552,Flory,Mitchinson,08-03-22,82412,
553,Si,Leyshon,10/26/2022,72573,
554,Martynne,Kinge,12-08-22,95477,
555,Krysta,Mattiussi,11/18/2022,80324,
556,Baryram,Dance,12/13/2022,99484,
557,Gannie,Mirrlees,4/19/2022,44564,
558,Derk,Biagi,08-10-22,85131,
559,Alfonso,Snazle,9/29/2022,67321,
560,Lily,Gail,1/27/2023,43076,
561,Paquito,Mersh,01-11-23,75703,
562,Derick,Gall,8/23/2022,85548,
563,Hoyt,Litchfield,10/13/2022,13267,
564,Marje,Charlewood,3/30/2022,59531,
565,Flinn,Ollet,08-11-22,67110,
566,Janey,Brent,01-12-23,62276,
567,Bradly,Uc,2/17/2022,94333,
568,Daniele,Garrigan,7/23/2022,92765,
569,Bobbie,Dodswell,7/21/2022,90850,
570,Alexis,Stitch,8/16/2022,43639,
571,Liesa,Lyon,12/15/2022,73000,
572,Angelico,Flintoffe,07-03-22,79415,
573,Tadeas,Ivanonko,1/26/2023,84823,
574,Gaile,Sharples,4/18/2022,15987,
575,Essie,Doughton,8/18/2022,29797,
576,Sherill,Jehu,2/26/2022,76097,
577,Remus,Dymidowicz,07-10-22,41340,
578,Bar,Duly,9/30/2022,22591,
579,Rosemarie,Bolden,6/20/2022,58135,
580,Benetta,McNair,5/30/2022,68471,
581,Kora,Marrill,09-09-22,11656,
582,Matthiew,Pendergrast,12-11-22,82992,
583,Luther,Harflete,10-06-22,50434,
584,Koral,Davenell,4/18/2022,28231,
585,Bernadene,Straine,6/26/2022,20683,
586,Brnaby,Kinnerk,8/31/2022,25500,
587,Wilek,Barneville,2/25/2022,60446,
588,Electra,Reddecliffe,1/26/2023,69771,
589,Cary,Plant,07-03-22,40221,
590,Gay,Hiner,06-07-22,99859,
591,Seymour,Boundy,8/21/2022,81655,
592,Langston,Portt,01-10-23,19883,
593,Buck,Tulk,05-09-22,17594,
594,Myranda,Halahan,1/19/2023,62752,
595,Dunstan,Bracknell,10/15/2022,63274,
596,Hailey,Valenta,01-09-23,57152,
597,Mahalia,Shackell,11/29/2022,94477,
598,Kelsy,Taverner,2/13/2022,61777,
599,Tobye,Swafford,06-06-22,22209,
600,Leonidas,O'Hare,11/25/2022,74453,
601,Bobette,Kenafaque,3/31/2022,53408,
602,Merrili,Davley,10/29/2022,42052,
603,Vernice,Deares,3/21/2022,63919,
604,Isidro,Ineson,10/16/2022,26530,
605,Sandi,Anstiss,2/18/2022,93433,
606,Lisha,Mewes,08-10-22,62144,
607,Arvy,Winspire,07-10-22,32209,
608,Maybelle,Hellmore,12/30/2022,87129,
609,Cristine,Lerer,11-02-22,29674,
610,Rona,Marran,04-04-22,77396,
611,Wildon,Andreev,08-11-22,47545,
612,Cy,Billes,10/13/2022,78018,
613,Vanessa,Antonik,12-09-22,71654,
614,Davide,Waudby,3/26/2022,88628,
615,Rhys,Camelia,1/28/2023,22939,
616,Eimile,Abbett,4/18/2022,66182,
617,Anet,Wasylkiewicz,1/21/2023,38907,
618,Venus,Philcox,11/17/2022,35885,
619,Lydon,Niaves,4/30/2022,68616,
620,Batholomew,Marioneau,3/21/2022,31473,
621,Gordy,Tollfree,5/21/2022,30241,
622,Conrad,Slatten,7/26/2022,56822,
623,Rosie,Unthank,4/24/2022,50840,
624,Sandor,Chung,9/26/2022,90171,
625,Brigit,Breffitt,9/13/2022,19521,
626,Guthrey,Peters,08-06-22,29741,
627,Farra,Borzoni,10/26/2022,90363,
628,Von,Bruyett,01-05-23,18011,
629,Madelaine,Bottrill,11/24/2022,93303,
630,Norbert,McLardie,11/25/2022,13132,
631,Lynnette,Carslaw,7/19/2022,21273,
632,Suzanne,Iliffe,4/13/2022,63915,
633,Wylma,McRobbie,10-06-22,75533,
634,Janeta,Purse,10-04-22,86517,
635,Alie,Littlepage,04-12-22,67039,
636,Rhea,Ewin,11/13/2022,59283,
637,Kristien,Lievesley,05-03-22,29255,
638,Ashleigh,Garrals,2/16/2022,22078,
639,Franciska,Dik,7/27/2022,47176,
640,Betta,Chittock,10-11-22,62939,
641,Rockie,Mullender,10/27/2022,51779,
642,Loria,Gavrielli,09-03-22,24555,
643,Joel,Gabbott,05-03-22,83807,
644,Davon,Cadle,04-04-22,63502,
645,Jose,Spurryer,9/28/2022,29902,
646,Chantal,Shaves,01-06-23,52752,
647,Sansone,Landes,03-03-22,11082,
648,Creight,Crowth,4/21/2022,20746,
649,Penni,Patel,8/25/2022,30030,
650,Benetta,Bordis,10/22/2022,67251,
651,Vitoria,Kalinke,2/15/2022,12943,
652,Calida,Rzehorz,02-12-22,41165,
653,Allistir,Fall,7/13/2022,91164,
654,Phil,Capstake,4/28/2022,88534,
655,Rorke,Andreas,10-05-22,86773,
656,Loydie,Copp,4/27/2022,30805,
657,Milly,Jurek,05-11-22,17697,
658,Ivette,Carnock,11/21/2022,48628,
659,Charissa,Geerdts,12-11-22,93321,
660,Rhys,Barnhill,7/23/2022,26952,
661,Anna-diane,Cardon,8/31/2022,67767,
662,Rex,Tolliday,10-01-22,19447,
663,Micki,Francecione,11/22/2022,93151,
664,Berti,Dulinty,9/26/2022,37714,
665,Alford,O'Sheils,3/30/2022,52100,
666,Dominica,Bricknell,12-03-22,47989,
667,Lyman,Proven,9/30/2022,29633,
668,Rancell,Kleinerman,7/30/2022,20323,
669,Fania,O'Malley,2/15/2022,96912,
670,Eden,Syseland,05-05-22,87269,
671,Kandy,Simoni,1/16/2023,45506,
672,Ethan,Elvey,07-02-22,35511,
673,Buffy,Wickendon,3/15/2022,37992,
674,Yehudit,Hawk,3/31/2022,50143,
675,Nancee,Crookall,3/14/2022,37288,
676,Edouard,Wretham,10-05-22,29370,
677,Cyb,Ludovici,05-01-22,53257,
678,Garreth,Bowmer,05-06-22,89828,
679,Venita,Meriet,04-01-22,30250,
680,Kaile,Osgar,1/17/2023,99752,
681,Henrieta,Griffitts,12/27/2022,30377,
682,Nero,Brognot,11-04-22,56286,
683,Huey,Tzarkov,07-12-22,61096,
684,Kevyn,Hoston,1/29/2023,72330,
685,Ezmeralda,Troy,02-11-22,85282,
686,Merrilee,Farnall,10/28/2022,13704,
687,Boycey,O'Carrol,1/27/2023,37510,
688,Aarika,Drivers,10/29/2022,91299,
689,Prudi,Dady,7/28/2022,93939,
690,Jacqui,Ouver,09-03-22,71177,
691,Barbara-anne,Darville,11-01-22,21385,
692,Maisey,MacAnulty,02-04-23,94500,
693,Burlie,Battie,6/13/2022,12383,
694,Daffi,Monget,10/15/2022,98130,
695,Buiron,Rains,12-12-22,65186,
696,Xaviera,Pawelec,9/14/2022,31460,
697,Bobbye,Hebblewaite,10-04-22,65634,
698,Ugo,Kanter,8/17/2022,83604,
699,Amby,Driver,05-12-22,71462,
700,Valentina,Chadband,3/24/2022,93654,
701,Jay,Wakeman,6/29/2022,89462,
702,Waneta,Wycherley,12/26/2022,21712,
703,Antonino,Wimmers,7/30/2022,55811,
704,Heddie,Bunston,10-12-22,50867,
705,Wenda,Pinnocke,7/22/2022,52408,
706,Jed,Skippings,07-10-22,62538,
707,Allie,Clemot,11-12-22,12379,
708,Casey,Elesander,5/18/2022,81715,
709,Katerina,Douglass,07-06-22,41990,
710,Dermot,Kenwell,05-09-22,73738,
711,Arlene,Ollerhead,1/27/2023,85682,
712,Tuckie,Trengove,12/17/2022,79847,
713,Rikki,Juckes,01-08-23,75789,
714,Aldridge,Farryann,02-01-23,55272,
715,Joly,McMeeking,02-04-23,65020,
716,Daryl,Shaves,12/29/2022,98944,
717,Massimo,Uzelli,11/25/2022,48520,
718,Shell,Feeny,06-01-22,57992,
719,Katee,Mattisson,10/18/2022,78013,
720,Ransom,Whyffen,7/13/2022,76964,
721,Waylen,Daoust,11/24/2022,39701,
722,Meade,O'Brian,10-04-22,32443,
723,Bab,D'Antoni,7/31/2022,88997,
724,Herman,Yushmanov,4/22/2022,15879,
725,Aretha,Chumley,03-12-22,36536,
726,Even,Hehnke,02-07-23,42673,
727,Martie,Petroulis,06-05-22,66985,
728,Gael,Brunel,5/26/2022,54539,
729,Sloan,McCool,2/18/2022,71199,
730,Siana,Benettini,05-02-22,85035,
731,Philly,Bamling,9/13/2022,65406,
732,Magdalen,Balcon,9/17/2022,55824,
733,Tye,Guidetti,6/13/2022,33421,
734,Birdie,Benneton,12/19/2022,84065,
735,Betteanne,Hammerstone,07-11-22,63994,
736,Jobye,Eyes,5/21/2022,50663,
737,Milicent,Lafferty,05-06-22,72777,
738,Carolynn,Aleksidze,07-09-22,12383,
739,Jackie,Gecks,01-05-23,43967,
740,Tymon,Muzzullo,3/13/2022,49082,
741,Chrissy,Culvey,10/20/2022,22156,
742,Sloan,Kinchington,12-07-22,68703,
743,Constantina,Zmitruk,01-02-23,72685,
744,Tanner,Meagh,12/14/2022,39927,
745,Althea,Dyson,11-06-22,38942,
746,Christean,Flude,07-12-22,40579,
747,Craggy,Trude,6/17/2022,44479,
748,Anastassia,Kuhne,1/26/2023,96626,
749,Lilla,Mapson,5/20/2022,41837,
750,Judas,M'Chirrie,3/28/2022,67845,
751,Tracey,Galilee,06-08-22,22008,
752,Mercie,Blasius,04-01-22,22489,
753,Evanne,Southall,10-09-22,70798,
754,Elysia,Tilbrook,09-04-22,28091,
755,Tremain,Danton,12/17/2022,52186,
756,Samantha,Lettice,11-06-22,94296,
757,Reade,Lambertson,06-08-22,87803,
758,Patrizius,Palmby,12-09-22,23814,
759,Giffer,Crallan,08-11-22,36191,
760,Justin,Whardley,9/21/2022,18973,
761,Yancy,Tunnah,6/25/2022,75559,
762,Lou,Carder,6/26/2022,40471,
763,Rozina,Oxlee,4/28/2022,95954,
764,Camel,Huyhton,2/22/2022,63460,
765,Phylys,Coates,7/17/2022,93741,
766,Mae,Harper,9/22/2022,26793,
767,Alvina,Bonanno,11-12-22,43296,
768,Lindsey,Pithie,11-01-22,59568,
769,Sheffie,Baumert,12/14/2022,57624,
770,Flossy,McCobb,11-02-22,28183,
771,Jeane,Arnoll,8/15/2022,72075,
772,Johnnie,Crossgrove,9/19/2022,53435,
773,Peggi,Keller,01-02-23,36530,
774,Bev,Ranald,01-06-23,85100,
775,Aland,Getch,05-05-22,66190,
776,Chlo,Paintain,5/30/2022,59867,
777,Cosme,Twizell,5/20/2022,38580,
778,Alanna,Ardling,07-03-22,21456,
779,Opaline,Bartot,11/13/2022,36263,
780,Stinky,Hellwing,12/28/2022,58213,
781,Aprilette,Luetkemeyer,10-01-22,96430,
782,Agnola,Stolberger,2/26/2022,85008,
783,Ramona,Matzen,01-09-23,20316,
784,Oswald,Yeude,4/13/2022,89105,
785,Tiphanie,Lympany,06-10-22,73109,
786,Brittni,Patesel,12/13/2022,56607,
787,Patricio,Johannes,4/26/2022,13009,
788,Rab,Laible,11-12-22,49295,
789,Bibbye,Howarth,9/21/2022,93057,
790,Griffith,Brewis,7/30/2022,56606,
791,Harry,Swynfen,08-06-22,74651,
792,Kristal,Tyrer,11/26/2022,85008,
793,Morlee,Dripps,2/20/2022,25561,
794,Isis,Butter,5/14/2022,88410,
795,Yolane,Severwright,11/15/2022,19945,
796,Dido,Beernt,2/13/2022,60585,
797,Merralee,Tillett,08-09-22,35178,
798,Felita,Shortcliffe,07-03-22,36997,
799,Alfonse,Keeble,08-10-22,50725,
800,Annie,Curtois,08-11-22,79038,
801,Helsa,Orable,3/23/2022,57825,
802,Zorah,Bithany,03-06-22,16809,
803,Sidonia,Maud,12/27/2022,23547,
804,Pavla,Mulqueeny,9/29/2022,80184,
805,Benetta,Rudloff,12/22/2022,80300,
806,Ethelin,Bucher,2/25/2022,41160,
807,Emelia,Creeboe,9/16/2022,70355,
808,Linell,Chadbourn,03-03-22,19984,
809,Julie,Latliff,12-12-22,32278,
810,Brucie,Ambage,4/30/2022,54993,
811,Cameron,Polglase,02-03-23,90860,
812,Melosa,Brodeur,10/18/2022,24803,
813,Creight,Linham,03-12-22,69552,
814,Brander,Spelling,8/27/2022,13131,
815,Sallyanne,Labbez,12/28/2022,17048,
816,Shelia,MacDonagh,1/31/2023,70100,
817,Dwayne,Schimann,07-07-22,85407,
818,Hanan,Pillans,1/14/2023,99028,
819,Roland,Bramford,11/23/2022,16024,
820,Lesly,Weildish,10/24/2022,41905,
821,Tessy,Winchester,1/16/2023,52881,
822,Lester,Heppner,03-05-22,89909,
823,Cristabel,Izzard,08-12-22,40541,
824,Isaac,Dorre,9/20/2022,61666,
825,Loni,Coomber,07-12-22,13745,
826,Brucie,Crosbie,8/18/2022,75164,
827,Elane,Deignan,2/23/2022,46205,
828,Malachi,Jandourek,04-09-22,43997,
829,Leora,Fardell,2/21/2022,39824,
830,Kaitlin,Meachan,08-06-22,70056,
831,Elaine,Corselles,7/15/2022,93466,
832,Drucie,Stirling,3/26/2022,47982,
833,Jania,Borghese,01-02-23,58007,
834,Margie,Drewson,07-10-22,25132,
835,Blanche,Jouannot,4/30/2022,82763,
836,Rebeka,Gentric,09-05-22,16237,
837,Randie,Matthiae,03-05-22,80629,
838,Aubrette,Stitcher,07-04-22,19488,
839,Nicolea,Lydall,10/26/2022,88775,
840,Aguie,Covert,02-05-23,55843,
841,Berty,Charrington,10-03-22,46947,
842,Ase,Hocking,12/28/2022,23858,
843,Ethan,Myrick,09-03-22,81845,
844,Pavel,O'Carmody,06-10-22,50136,
845,Beau,Sans,8/18/2022,39077,
846,Velma,Bernetti,4/16/2022,22078,
847,Ericka,McOwan,2/28/2022,17840,
848,Christine,Caramuscia,06-03-22,27977,
849,Bliss,Brunicke,06-04-22,87073,
850,Carly,Gibbens,8/23/2022,14927,
851,Iggy,Balharry,3/30/2022,73135,
852,Dietrich,Hiddsley,03-01-22,40072,
853,Reynold,Holbie,2/16/2022,21946,
854,Gill,MacKereth,07-04-22,77794,
855,Jocelyne,Bolens,04-10-22,35861,
856,Ulrica,Heaps,09-02-22,79472,
857,Patrizia,Tripney,10/13/2022,95418,
858,Evelyn,Wingar,11/27/2022,86279,
859,Janis,Leopold,12/30/2022,25606,
860,Orv,Saylor,1/29/2023,43912,
861,Adoree,Iffland,05-01-22,83046,
862,Miranda,Oxton,12-09-22,75281,
863,Marven,Accomb,10-12-22,40602,
864,Berke,Orbell,2/24/2022,46732,
865,Adrian,Redit,2/17/2022,59800,
866,Cyndi,Wodham,9/25/2022,92677,
867,Banky,Hevner,11/19/2022,70761,
868,Bing,Buswell,5/19/2022,99850,
869,Lidia,Mallows,5/16/2022,43583,
870,Rafe,Abethell,1/14/2023,34271,
871,Bailie,Jozwik,9/30/2022,54171,
872,Corine,Foystone,11/20/2022,59204,
873,Saunder,Wilcocke,05-11-22,25069,
874,Leo,Andrusyak,9/16/2022,34330,
875,Artemis,Colls,9/13/2022,31474,
876,Mia,Soans,05-08-22,98660,
877,Cassy,Haughton,10-06-22,93929,
878,Purcell,Pailin,10-08-22,96835,
879,Lishe,Dirr,10-02-22,42122,
880,Alasdair,Blackett,02-11-22,96358,
881,Timotheus,Mellanby,12/19/2022,12314,
882,Nickolai,Cockrem,06-11-22,73821,
883,Kirsten,Geekin,06-08-22,85212,
884,Anna-diane,Speenden,9/14/2022,69211,
885,Robenia,Mallinson,7/13/2022,56279,
886,Zea,McCromley,2/13/2022,10430,
887,Wallache,Fronzek,10/25/2022,55456,
888,Hendrika,Lettley,3/19/2022,26535,
889,Holt,Wombwell,9/13/2022,45250,
890,Dione,Hellcat,1/16/2023,80868,
891,Jess,Dadge,2/25/2022,61423,
892,Belia,Dimic,11/23/2022,12460,
893,Ofelia,Corsan,2/17/2022,48056,
894,Eddi,Hostan,5/28/2022,51250,
895,Sorcha,Sabie,01-12-23,22828,
896,Gwendolin,Hayselden,10/31/2022,51742,
897,Egor,Deeprose,03-06-22,68880,
898,Minnie,Northage,7/14/2022,30717,
899,Cherice,Starzaker,1/16/2023,58962,
900,Kenneth,Brind,3/15/2022,50832,
901,Kayle,Deek,08-02-22,82568,
902,Xenos,Lissimore,4/28/2022,65781,
903,Janeczka,Wisniowski,12-12-22,22742,
904,Weber,Bellelli,10-07-22,24799,
905,Laureen,Boaler,3/22/2022,88240,
906,Nesta,Quadling,6/15/2022,55397,
907,Fran,Bramall,8/18/2022,96368,
908,Laurens,Brickner,11-07-22,80310,
909,Sela,Sketh,05-06-22,27726,
910,Cindra,Jiles,2/21/2022,93960,
911,Linette,Ravenshear,4/27/2022,97354,
912,Gaven,Moseley,10/23/2022,39913,
913,Leese,Thorington,11/23/2022,73635,
914,Tobin,Rihanek,10/28/2022,47431,
915,Deva,Kolin,12/30/2022,42744,
916,Dall,MacKaig,2/28/2022,70011,
917,Morly,Jaffrey,8/18/2022,89774,
918,Milzie,Farish,02-01-23,88646,
919,Doria,Beert,2/24/2022,81909,
920,Dulcinea,Proffer,4/26/2022,95785,
921,Britni,Gerkens,12-06-22,71701,
922,Den,Zamudio,11/18/2022,55279,
923,Liane,Chaloner,8/16/2022,94791,
924,Tremaine,Stent,06-05-22,62663,
925,Loella,Scandred,12/23/2022,38581,
926,Mitchel,McCorkell,5/26/2022,92903,
927,Clare,Cashen,3/27/2022,99693,
928,Meryl,Kesey,3/17/2022,50924,
929,Carlen,Knibbs,8/29/2022,70586,
930,Florri,Gazzard,06-02-22,12608,
931,Alvira,Martyn,07-11-22,44279,
932,Jany,Bernardot,03-11-22,55621,
933,Noam,Sigfrid,11/24/2022,82688,
934,Florenza,Scotter,09-03-22,19767,
935,Avivah,Tugman,11-12-22,21513,
936,Laural,Soigne,9/14/2022,63409,
937,Rosalind,McLellan,8/26/2022,12459,
938,Kelsey,Antunes,02-12-22,44949,
939,Odilia,Shenton,1/24/2023,55950,
940,Brigham,Usmar,07-09-22,99411,
941,Else,McQuillen,12-04-22,94991,
942,Merrilee,Ree,3/13/2022,12744,
943,Clevie,Parsons,08-05-22,47417,
944,Germana,Sprakes,7/31/2022,68206,
945,Ambrosi,Wegman,10-11-22,82603,
946,Anabelle,Boom,6/16/2022,24103,
947,Eadmund,Bartosek,4/23/2022,14155,
948,Findlay,Creegan,12/17/2022,18868,
949,Cynthia,Marven,4/22/2022,99617,
950,Venus,Mazzilli,1/18/2023,83591,
951,Bernita,Northam,03-10-22,33619,
952,Stefano,Pester,12-02-22,73167,
953,Caitlin,McGrah,05-12-22,85253,
954,Karlie,Nelles,05-04-22,33164,
955,Vic,Grivori,10-07-22,63424,
956,Ingrid,Hardie,5/23/2022,84151,
957,Fields,Pedgrift,7/22/2022,47512,
958,Katie,Baume,2/19/2022,89006,
959,Dun,Fydoe,07-06-22,66585,
960,Quintin,Graalman,05-01-22,79525,
961,Verla,Nation,07-08-22,12567,
962,Dicky,Quogan,11/21/2022,11256,
963,Steward,Gislebert,9/28/2022,17196,
964,Francine,Gilling,02-02-23,55449,
965,Percival,Sellstrom,8/14/2022,89781,
966,Grange,Bills,09-01-22,92390,
967,Walsh,Roubeix,05-11-22,23241,
968,Blondy,Manley,12/26/2022,11200,
969,Ban,Kingsworth,4/22/2022,40699,
970,Cirilo,Sorbie,12/21/2022,60459,
971,Reginauld,Boxer,6/18/2022,34877,
972,Beauregard,Potteridge,09-06-22,30346,
973,Jehu,McWard,7/26/2022,49279,
974,Lanette,Stollenberg,10-10-22,61753,
975,Madelina,Gerrett,5/20/2022,26418,
976,Alberto,Filasov,09-09-22,32568,
977,Kingsley,Bullard,6/21/2022,50663,
978,Simonne,Pretti,5/25/2022,61610,
979,Franchot,Dennison,12-07-22,57816,
980,Constantino,Hellwich,1/13/2023,79760,
981,Oliy,Dominguez,3/19/2022,63926,
982,Prince,Houdhury,4/16/2022,60736,
983,Amelia,Dailey,4/26/2022,49629,
984,Rudy,Beston,3/31/2022,94374,
985,Whitney,Rivett,7/18/2022,48268,
986,Dacey,Drinkhill,4/22/2022,58747,
987,Selina,Argontt,10/25/2022,13638,
988,Egbert,Balden,5/15/2022,98726,
989,Garreth,Perrygo,3/30/2022,90185,
990,Gardy,Skipper,6/17/2022,68150,
991,Tobin,Deplacido,06-02-22,74263,
992,Sharona,Jarret,8/21/2022,77617,
993,Ariadne,MacClenan,10/16/2022,35687,
994,Charmian,Stares,9/27/2022,49576,
995,Gabbey,Ebunoluwa,7/14/2022,41781,
996,Allyn,Pinckney,3/23/2022,11463,
997,Fredek,Moine,6/21/2022,25596,
998,Frederica,Pichan,2/26/2022,81788,
999,Josias,Arthur,08-09-22,57982,
1000,Mersey,Jakubovitch,07-03-22,37362,
