TransactionID,OrderID,CustomerID,PaymentMethod
1,3,818,jcb
2,901,309,jcb
3,569,385,mastercard
4,885,101,maestro
5,829,650,americanexpress
6,263,698,jcb
7,732,180,jcb
8,84,918,jcb
9,431,531,jcb
10,470,389,jcb
11,26,424,china-unionpay
12,356,271,bankcard
13,373,573,china-unionpay
14,923,378,jcb
15,965,999,jcb
16,524,968,jcb
17,892,529,diners-club-carte-blanche
18,101,69,switch
19,157,326,laser
20,50,53,jcb
21,532,938,visa-electron
22,988,147,visa
23,177,615,china-unionpay
24,620,758,diners-club-carte-blanche
25,570,786,jcb
26,14,432,jcb
27,686,833,americanexpress
28,541,847,jcb
29,330,850,jcb
30,315,528,laser
31,868,54,diners-club-enroute
32,239,316,jcb
33,94,160,jcb
34,67,264,mastercard
35,5,632,jcb
36,200,232,jcb
37,90,625,jcb
38,870,357,jcb
39,930,379,jcb
40,609,659,jcb
41,693,952,maestro
42,798,597,diners-club-carte-blanche
43,100,657,switch
44,34,808,diners-club-international
45,646,834,jcb
46,889,81,visa-electron
47,383,661,jcb
48,958,588,jcb
49,348,945,jcb
50,860,172,jcb
51,537,117,visa
52,817,831,jcb
53,352,354,laser
54,601,726,jcb
55,750,154,diners-club-enroute
56,166,487,jcb
57,289,636,jcb
58,120,74,visa
59,703,245,americanexpress
60,886,828,visa-electron
61,885,699,jcb
62,457,102,jcb
63,839,921,maestro
64,868,753,diners-club-enroute
65,822,760,jcb
66,231,618,switch
67,870,25,jcb
68,800,866,jcb
69,548,702,switch
70,151,33,visa
71,597,140,jcb
72,766,627,diners-club-enroute
73,789,750,mastercard
74,6,255,maestro
75,845,815,china-unionpay
76,101,484,jcb
77,264,678,mastercard
78,697,569,jcb
79,470,40,diners-club-enroute
80,265,34,mastercard
81,681,749,jcb
82,291,938,jcb
83,571,276,switch
84,882,589,laser
85,226,799,china-unionpay
86,881,716,china-unionpay
87,970,477,jcb
88,2,287,maestro
89,246,920,americanexpress
90,581,710,diners-club-enroute
91,734,499,visa
92,56,698,diners-club-carte-blanche
93,142,691,switch
94,944,573,jcb
95,433,516,maestro
96,876,719,mastercard
97,572,158,china-unionpay
98,932,204,diners-club-enroute
99,287,427,china-unionpay
100,580,173,jcb
101,728,169,maestro
102,83,436,jcb
103,797,572,bankcard
104,158,201,jcb
105,300,633,laser
106,747,932,visa
107,861,205,diners-club-carte-blanche
108,422,977,jcb
109,900,198,jcb
110,46,1,laser
111,211,939,visa-electron
112,906,299,jcb
113,276,421,diners-club-international
114,72,262,laser
115,653,559,jcb
116,279,361,mastercard
117,142,918,jcb
118,176,851,china-unionpay
119,956,968,jcb
120,329,224,jcb
121,246,636,switch
122,230,365,diners-club-carte-blanche
123,800,293,maestro
124,469,179,jcb
125,751,64,switch
126,152,218,jcb
127,893,812,jcb
128,32,8,jcb
129,443,782,solo
130,214,137,jcb
131,943,339,jcb
132,119,60,jcb
133,828,659,visa-electron
134,979,816,visa
135,983,253,jcb
136,394,800,jcb
137,320,849,jcb
138,513,371,jcb
139,445,310,china-unionpay
140,452,601,jcb
141,511,364,jcb
142,471,125,mastercard
143,111,82,jcb
144,584,666,diners-club-enroute
145,698,121,maestro
146,814,96,jcb
147,958,835,jcb
148,887,136,americanexpress
149,820,713,bankcard
150,260,284,bankcard
151,81,870,switch
152,730,694,jcb
153,854,588,jcb
154,42,139,jcb
155,622,941,mastercard
156,5,894,china-unionpay
157,194,587,jcb
158,619,951,jcb
159,552,854,jcb
160,335,987,mastercard
161,646,748,jcb
162,596,365,mastercard
163,257,905,jcb
164,922,339,jcb
165,899,83,jcb
166,871,199,jcb
167,554,567,china-unionpay
168,607,208,jcb
169,379,683,jcb
170,595,474,bankcard
171,266,314,mastercard
172,597,551,jcb
173,532,232,jcb
174,209,279,jcb
175,256,350,jcb
176,216,997,jcb
177,102,337,jcb
178,214,917,diners-club-us-ca
179,993,406,diners-club-carte-blanche
180,578,672,switch
181,977,616,jcb
182,71,477,bankcard
183,84,608,diners-club-carte-blanche
184,550,55,visa
185,689,823,diners-club-carte-blanche
186,732,441,jcb
187,279,461,diners-club-carte-blanche
188,756,233,switch
189,992,639,jcb
190,657,673,visa
191,308,848,mastercard
192,512,594,americanexpress
193,870,333,diners-club-enroute
194,889,411,jcb
195,76,989,jcb
196,77,28,china-unionpay
197,166,478,diners-club-enroute
198,45,355,maestro
199,363,709,mastercard
200,527,202,jcb
201,977,511,diners-club-us-ca
202,678,721,diners-club-carte-blanche
203,991,446,jcb
204,253,266,solo
205,845,608,switch
206,996,750,jcb
207,861,825,jcb
208,762,814,jcb
209,14,290,jcb
210,434,630,jcb
211,638,515,jcb
212,91,33,visa
213,168,154,jcb
214,192,144,jcb
215,783,128,americanexpress
216,437,905,jcb
217,60,590,jcb
218,311,675,mastercard
219,804,599,mastercard
220,89,291,switch
221,521,666,bankcard
222,813,47,visa-electron
223,178,981,diners-club-enroute
224,157,458,jcb
225,393,365,jcb
226,468,535,jcb
227,529,892,laser
228,774,133,jcb
229,202,298,jcb
230,356,28,jcb
231,522,344,visa-electron
232,49,309,china-unionpay
233,182,640,bankcard
234,940,613,diners-club-enroute
235,514,169,mastercard
236,720,650,jcb
237,412,572,diners-club-carte-blanche
238,760,634,jcb
239,399,191,americanexpress
240,541,231,americanexpress
241,688,917,switch
242,37,226,diners-club-enroute
243,400,982,diners-club-international
244,1000,280,jcb
245,551,476,jcb
246,334,655,jcb
247,316,239,china-unionpay
248,367,392,mastercard
249,5,258,jcb
250,71,250,switch
251,191,785,americanexpress
252,174,135,china-unionpay
253,544,355,jcb
254,893,472,visa
255,87,514,diners-club-carte-blanche
256,457,221,jcb
257,385,696,maestro
258,452,161,mastercard
259,792,429,solo
260,575,972,jcb
261,109,792,switch
262,556,382,jcb
263,435,864,mastercard
264,142,310,mastercard
265,189,959,visa
266,964,366,jcb
267,481,49,maestro
268,721,562,jcb
269,1,824,jcb
270,243,909,jcb
271,447,802,jcb
272,89,671,switch
273,732,536,diners-club-carte-blanche
274,831,690,instapayment
275,753,152,diners-club-enroute
276,857,440,diners-club-international
277,633,939,mastercard
278,209,917,visa-electron
279,539,363,jcb
280,418,591,instapayment
281,368,362,jcb
282,912,937,instapayment
283,355,462,jcb
284,309,985,china-unionpay
285,716,24,jcb
286,230,261,instapayment
287,26,520,jcb
288,314,790,jcb
289,494,825,jcb
290,564,866,americanexpress
291,468,704,jcb
292,300,649,solo
293,327,894,jcb
294,960,204,diners-club-enroute
295,270,853,switch
296,37,700,jcb
297,617,769,jcb
298,233,887,jcb
299,982,360,jcb
300,52,737,visa-electron
301,449,448,jcb
302,947,906,jcb
303,317,42,jcb
304,900,368,china-unionpay
305,74,462,mastercard
306,738,49,diners-club-carte-blanche
307,928,311,jcb
308,304,698,americanexpress
309,227,546,instapayment
310,225,10,mastercard
311,292,375,visa-electron
312,833,322,visa-electron
313,504,140,jcb
314,91,314,diners-club-carte-blanche
315,206,427,jcb
316,162,228,jcb
317,607,750,jcb
318,535,370,switch
319,453,942,diners-club-us-ca
320,499,467,diners-club-enroute
321,641,799,visa-electron
322,587,949,maestro
323,949,695,mastercard
324,322,728,switch
325,783,779,mastercard
326,711,346,jcb
327,258,640,jcb
328,850,61,switch
329,294,192,jcb
330,450,441,switch
331,223,289,bankcard
332,145,378,jcb
333,250,578,visa-electron
334,562,157,jcb
335,170,41,jcb
336,708,842,bankcard
337,55,876,switch
338,174,973,mastercard
339,307,672,jcb
340,488,981,jcb
341,26,785,solo
342,365,15,americanexpress
343,425,518,mastercard
344,754,912,jcb
345,217,928,switch
346,422,257,mastercard
347,953,285,americanexpress
348,885,170,maestro
349,110,759,mastercard
350,267,563,jcb
351,431,526,jcb
352,598,485,mastercard
353,249,90,jcb
354,429,662,americanexpress
355,897,415,visa-electron
356,17,108,visa-electron
357,762,28,jcb
358,326,783,jcb
359,395,680,jcb
360,184,981,mastercard
361,721,165,maestro
362,42,495,jcb
363,455,448,diners-club-carte-blanche
364,786,740,visa
365,328,261,visa-electron
366,271,813,visa
367,460,958,maestro
368,434,203,jcb
369,739,480,bankcard
370,209,377,diners-club-enroute
371,716,265,maestro
372,467,707,maestro
373,973,217,visa-electron
374,279,755,laser
375,651,636,diners-club-enroute
376,878,787,diners-club-carte-blanche
377,681,184,americanexpress
378,369,922,mastercard
379,72,800,jcb
380,855,655,jcb
381,94,530,jcb
382,116,164,americanexpress
383,397,389,jcb
384,805,344,visa-electron
385,216,94,jcb
386,859,585,switch
387,438,38,china-unionpay
388,266,307,switch
389,81,855,americanexpress
390,580,914,jcb
391,765,392,maestro
392,578,793,bankcard
393,142,887,visa-electron
394,451,218,jcb
395,943,130,china-unionpay
396,253,124,jcb
397,554,208,switch
398,316,402,jcb
399,678,221,switch
400,345,920,switch
401,681,278,switch
402,592,383,diners-club-international
403,359,481,americanexpress
404,911,739,maestro
405,748,505,maestro
406,81,281,jcb
407,191,988,jcb
408,659,448,visa-electron
409,922,124,jcb
410,17,417,maestro
411,876,731,jcb
412,790,45,jcb
413,447,237,diners-club-enroute
414,907,377,jcb
415,688,317,jcb
416,58,88,solo
417,732,68,maestro
418,281,389,jcb
419,892,689,jcb
420,877,946,jcb
421,801,302,jcb
422,722,545,diners-club-carte-blanche
423,415,802,diners-club-us-ca
424,674,700,jcb
425,936,353,jcb
426,303,820,diners-club-carte-blanche
427,706,413,jcb
428,432,375,diners-club-enroute
429,614,352,maestro
430,542,839,china-unionpay
431,692,174,switch
432,646,755,diners-club-carte-blanche
433,970,667,americanexpress
434,120,440,mastercard
435,348,466,jcb
436,672,425,jcb
437,781,934,diners-club-international
438,380,521,americanexpress
439,586,76,jcb
440,135,303,jcb
441,23,541,jcb
442,658,555,jcb
443,908,924,jcb
444,699,354,china-unionpay
445,933,903,bankcard
446,150,362,instapayment
447,390,957,mastercard
448,570,940,jcb
449,392,190,visa-electron
450,652,728,visa-electron
451,136,980,switch
452,727,408,mastercard
453,992,395,laser
454,908,390,diners-club-enroute
455,374,158,diners-club-carte-blanche
456,805,440,solo
457,973,938,jcb
458,336,46,diners-club-carte-blanche
459,953,411,laser
460,710,204,jcb
461,703,301,mastercard
462,766,896,jcb
463,471,48,jcb
464,659,697,diners-club-enroute
465,243,978,jcb
466,297,59,mastercard
467,837,32,jcb
468,11,866,china-unionpay
469,614,182,americanexpress
470,898,34,jcb
471,109,906,mastercard
472,299,761,jcb
473,318,432,diners-club-enroute
474,860,922,americanexpress
475,971,905,americanexpress
476,649,958,americanexpress
477,108,709,jcb
478,15,95,diners-club-international
479,246,862,visa
480,762,897,jcb
481,626,275,jcb
482,938,45,jcb
483,255,125,switch
484,446,585,visa-electron
485,166,515,jcb
486,855,381,jcb
487,324,407,maestro
488,398,571,visa-electron
489,46,234,bankcard
490,878,646,switch
491,443,376,china-unionpay
492,174,991,jcb
493,780,477,jcb
494,653,269,mastercard
495,187,812,jcb
496,847,258,instapayment
497,309,344,bankcard
498,86,874,visa-electron
499,484,854,jcb
500,328,96,maestro
501,845,864,diners-club-carte-blanche
502,398,216,diners-club-carte-blanche
503,786,327,jcb
504,293,218,china-unionpay
505,869,906,laser
506,742,695,jcb
507,508,666,mastercard
508,656,568,mastercard
509,33,31,jcb
510,290,226,laser
511,532,139,switch
512,673,247,jcb
513,366,803,china-unionpay
514,746,648,jcb
515,133,596,diners-club-us-ca
516,450,699,diners-club-enroute
517,988,491,maestro
518,715,170,jcb
519,972,546,jcb
520,837,977,diners-club-carte-blanche
521,299,93,diners-club-carte-blanche
522,488,991,jcb
523,109,876,diners-club-us-ca
524,99,543,diners-club-international
525,769,796,switch
526,302,45,americanexpress
527,58,227,jcb
528,331,845,jcb
529,512,869,visa-electron
530,246,908,diners-club-enroute
531,98,434,diners-club-enroute
532,801,309,visa-electron
533,976,41,americanexpress
534,89,493,mastercard
535,29,658,jcb
536,991,192,mastercard
537,493,331,maestro
538,716,146,jcb
539,282,748,visa-electron
540,860,720,china-unionpay
541,438,16,jcb
542,130,787,jcb
543,903,202,jcb
544,377,657,jcb
545,993,463,diners-club-international
546,737,208,jcb
547,295,903,jcb
548,999,508,china-unionpay
549,998,919,jcb
550,384,321,mastercard
551,665,824,visa
552,341,281,bankcard
553,225,944,jcb
554,480,963,jcb
555,901,167,jcb
556,183,903,mastercard
557,641,809,solo
558,583,757,jcb
559,968,618,jcb
560,208,770,china-unionpay
561,335,311,jcb
562,63,592,diners-club-enroute
563,618,531,bankcard
564,186,924,jcb
565,966,897,maestro
566,371,908,bankcard
567,257,360,jcb
568,117,819,jcb
569,876,741,diners-club-carte-blanche
570,301,773,jcb
571,204,409,diners-club-carte-blanche
572,88,354,mastercard
573,971,898,bankcard
574,758,973,jcb
575,269,470,laser
576,575,382,visa-electron
577,564,958,laser
578,719,468,jcb
579,150,529,china-unionpay
580,907,317,visa
581,994,37,jcb
582,920,29,mastercard
583,974,949,switch
584,560,153,jcb
585,660,202,jcb
586,167,872,maestro
587,275,619,americanexpress
588,458,758,americanexpress
589,205,629,china-unionpay
590,67,35,visa-electron
591,429,421,china-unionpay
592,500,707,americanexpress
593,980,639,maestro
594,34,497,diners-club-enroute
595,187,991,americanexpress
596,895,796,jcb
597,555,858,jcb
598,243,784,jcb
599,272,373,jcb
600,318,408,mastercard
601,194,931,visa
602,23,490,jcb
603,802,146,bankcard
604,782,552,instapayment
605,754,304,diners-club-us-ca
606,708,960,jcb
607,65,786,jcb
608,237,52,maestro
609,244,317,jcb
610,517,185,switch
611,464,208,jcb
612,319,755,instapayment
613,555,676,maestro
614,562,305,jcb
615,445,135,jcb
616,925,630,visa-electron
617,163,134,diners-club-carte-blanche
618,666,858,mastercard
619,509,856,maestro
620,724,438,americanexpress
621,733,319,bankcard
622,606,20,jcb
623,793,917,switch
624,1000,922,mastercard
625,41,721,instapayment
626,801,906,bankcard
627,206,513,diners-club-us-ca
628,825,418,switch
629,495,566,maestro
630,336,818,jcb
631,439,392,diners-club-carte-blanche
632,76,115,visa-electron
633,523,647,switch
634,93,760,diners-club-carte-blanche
635,743,192,solo
636,690,846,mastercard
637,67,508,jcb
638,949,828,jcb
639,978,887,jcb
640,257,795,diners-club-carte-blanche
641,179,297,jcb
642,908,824,diners-club-carte-blanche
643,637,983,diners-club-enroute
644,734,619,jcb
645,2,554,jcb
646,519,284,diners-club-international
647,585,606,jcb
648,471,578,maestro
649,239,308,jcb
650,97,919,jcb
651,363,289,jcb
652,112,928,maestro
653,258,993,visa-electron
654,817,562,laser
655,716,163,diners-club-international
656,20,466,diners-club-enroute
657,389,304,mastercard
658,83,757,jcb
659,937,181,laser
660,350,514,jcb
661,682,804,visa
662,137,257,laser
663,577,893,jcb
664,947,102,jcb
665,79,508,visa-electron
666,153,897,americanexpress
667,239,256,jcb
668,600,459,maestro
669,576,25,jcb
670,263,913,jcb
671,110,242,china-unionpay
672,921,534,mastercard
673,969,73,china-unionpay
674,854,607,jcb
675,660,766,maestro
676,535,175,laser
677,653,415,jcb
678,663,726,diners-club-enroute
679,785,79,china-unionpay
680,847,383,bankcard
681,70,197,diners-club-enroute
682,740,10,diners-club-carte-blanche
683,562,92,mastercard
684,440,413,maestro
685,784,3,diners-club-enroute
686,460,203,maestro
687,437,554,mastercard
688,908,365,jcb
689,77,168,diners-club-carte-blanche
690,95,445,visa-electron
691,772,734,jcb
692,532,530,maestro
693,832,457,maestro
694,898,569,americanexpress
695,415,480,diners-club-enroute
696,933,456,visa-electron
697,21,219,diners-club-enroute
698,267,571,bankcard
699,513,72,diners-club-enroute
700,619,649,visa
701,804,161,visa
702,936,941,americanexpress
703,781,177,jcb
704,471,503,jcb
705,775,977,diners-club-us-ca
706,27,621,mastercard
707,528,463,diners-club-enroute
708,48,846,jcb
709,357,634,diners-club-international
710,863,61,china-unionpay
711,475,838,jcb
712,774,707,americanexpress
713,917,815,visa-electron
714,8,870,diners-club-enroute
715,629,78,jcb
716,259,538,jcb
717,118,373,maestro
718,803,239,jcb
719,170,1,china-unionpay
720,301,524,jcb
721,158,205,laser
722,526,72,mastercard
723,609,767,jcb
724,488,865,bankcard
725,560,750,jcb
726,108,103,visa-electron
727,838,818,mastercard
728,283,607,jcb
729,62,802,china-unionpay
730,594,361,mastercard
731,513,348,switch
732,847,641,jcb
733,514,250,jcb
734,962,647,jcb
735,375,183,switch
736,227,789,jcb
737,414,156,mastercard
738,337,396,jcb
739,665,899,jcb
740,522,397,jcb
741,230,126,jcb
742,649,131,jcb
743,309,58,switch
744,242,652,china-unionpay
745,496,717,laser
746,339,389,visa-electron
747,892,365,jcb
748,66,76,mastercard
749,893,531,laser
750,312,592,mastercard
751,755,321,jcb
752,491,675,instapayment
753,294,817,switch
754,270,521,jcb
755,207,28,jcb
756,690,638,jcb
757,578,332,mastercard
758,367,482,china-unionpay
759,502,750,switch
760,111,896,bankcard
761,238,932,maestro
762,961,97,jcb
763,923,760,jcb
764,625,74,jcb
765,679,415,maestro
766,330,630,diners-club-enroute
767,981,445,jcb
768,990,356,maestro
769,283,380,instapayment
770,421,910,jcb
771,778,463,maestro
772,550,658,jcb
773,402,169,visa
774,667,420,jcb
775,687,954,jcb
776,836,59,mastercard
777,891,512,jcb
778,875,598,bankcard
779,934,267,jcb
780,419,230,china-unionpay
781,697,260,diners-club-enroute
782,442,794,jcb
783,975,17,jcb
784,304,607,jcb
785,537,993,jcb
786,381,172,jcb
787,959,860,switch
788,301,205,visa-electron
789,814,530,bankcard
790,568,981,mastercard
791,334,937,jcb
792,478,167,jcb
793,83,540,switch
794,811,33,americanexpress
795,319,822,maestro
796,56,623,china-unionpay
797,157,418,jcb
798,656,566,diners-club-carte-blanche
799,539,348,diners-club-enroute
800,813,424,visa-electron
801,578,116,jcb
802,772,442,china-unionpay
803,960,638,visa
804,54,9,bankcard
805,539,649,laser
806,829,844,jcb
807,94,459,diners-club-carte-blanche
808,972,677,jcb
809,673,476,jcb
810,891,314,jcb
811,941,382,diners-club-enroute
812,869,306,mastercard
813,506,843,laser
814,641,165,maestro
815,882,120,bankcard
816,489,466,switch
817,448,22,jcb
818,366,769,jcb
819,894,863,jcb
820,382,869,diners-club-enroute
821,899,680,jcb
822,622,444,diners-club-carte-blanche
823,184,795,mastercard
824,678,227,maestro
825,103,773,diners-club-carte-blanche
826,867,249,mastercard
827,170,383,bankcard
828,326,452,bankcard
829,553,252,china-unionpay
830,571,106,mastercard
831,566,206,mastercard
832,701,236,jcb
833,290,398,americanexpress
834,27,23,jcb
835,399,47,jcb
836,373,16,jcb
837,340,747,diners-club-enroute
838,479,162,americanexpress
839,333,33,jcb
840,252,812,jcb
841,728,567,solo
842,31,187,jcb
843,570,464,jcb
844,795,828,diners-club-enroute
845,141,768,switch
846,190,550,jcb
847,257,366,mastercard
848,330,144,jcb
849,990,158,visa-electron
850,660,830,visa
851,639,647,jcb
852,442,217,jcb
853,321,422,switch
854,953,399,jcb
855,571,450,solo
856,333,377,diners-club-enroute
857,536,347,maestro
858,412,806,jcb
859,759,982,jcb
860,450,702,jcb
861,659,625,jcb
862,785,710,diners-club-enroute
863,397,334,mastercard
864,902,215,china-unionpay
865,791,624,jcb
866,369,181,mastercard
867,132,726,jcb
868,130,15,jcb
869,478,997,jcb
870,68,547,visa-electron
871,168,66,china-unionpay
872,832,27,jcb
873,932,959,jcb
874,950,303,maestro
875,289,160,jcb
876,860,108,jcb
877,888,105,americanexpress
878,318,952,mastercard
879,267,58,diners-club-enroute
880,870,468,jcb
881,790,430,jcb
882,362,517,switch
883,202,730,mastercard
884,208,245,jcb
885,188,782,diners-club-us-ca
886,622,576,laser
887,405,94,jcb
888,875,244,solo
889,938,459,jcb
890,863,73,jcb
891,277,554,americanexpress
892,414,870,jcb
893,78,193,maestro
894,819,962,mastercard
895,809,301,laser
896,555,601,mastercard
897,690,684,mastercard
898,972,829,americanexpress
899,661,205,visa
900,246,476,jcb
901,839,31,diners-club-enroute
902,57,153,visa
903,365,831,switch
904,347,996,americanexpress
905,1,561,americanexpress
906,799,578,jcb
907,346,979,switch
908,621,117,jcb
909,675,730,mastercard
910,873,149,jcb
911,822,37,jcb
912,449,421,jcb
913,426,113,mastercard
914,376,528,visa
915,21,226,jcb
916,223,81,visa-electron
917,62,778,jcb
918,117,609,instapayment
919,286,320,laser
920,316,524,americanexpress
921,241,924,jcb
922,688,585,jcb
923,477,278,americanexpress
924,679,86,maestro
925,194,590,jcb
926,848,375,diners-club-us-ca
927,969,783,jcb
928,871,631,maestro
929,957,105,jcb
930,302,767,diners-club-carte-blanche
931,847,477,bankcard
932,661,732,jcb
933,188,705,jcb
934,174,665,visa
935,844,584,switch
936,425,626,jcb
937,572,339,jcb
938,742,898,solo
939,217,593,jcb
940,90,938,jcb
941,732,198,switch
942,293,366,jcb
943,592,918,visa-electron
944,927,467,mastercard
945,977,950,jcb
946,405,323,jcb
947,475,213,mastercard
948,242,510,jcb
949,131,781,china-unionpay
950,540,176,jcb
951,612,975,jcb
952,638,42,maestro
953,746,287,jcb
954,689,210,bankcard
955,1000,31,bankcard
956,948,793,switch
957,166,642,jcb
958,963,512,jcb
959,84,487,china-unionpay
960,709,776,jcb
961,50,501,bankcard
962,803,196,jcb
963,815,161,jcb
964,112,245,jcb
965,473,514,instapayment
966,656,182,switch
967,956,683,diners-club-carte-blanche
968,39,835,jcb
969,185,315,mastercard
970,566,926,diners-club-enroute
971,655,5,jcb
972,106,360,jcb
973,246,290,diners-club-enroute
974,592,818,jcb
975,320,63,jcb
976,569,529,jcb
977,68,363,diners-club-international
978,498,437,maestro
979,514,890,americanexpress
980,231,602,china-unionpay
981,877,752,china-unionpay
982,357,6,instapayment
983,900,721,jcb
984,244,924,instapayment
985,48,805,visa
986,736,18,mastercard
987,751,881,americanexpress
988,578,957,diners-club-enroute
989,572,737,mastercard
990,249,594,jcb
991,477,503,jcb
992,361,254,china-unionpay
993,838,771,laser
994,363,197,mastercard
995,865,624,jcb
996,162,659,mastercard
997,6,187,americanexpress
998,69,349,china-unionpay
999,346,578,jcb
1000,269,357,jcb
